,Step,Balance,Shares_held,Total_sold,Prime_cost,Total_sales,net_worth,Max_net_worth,Min_net_worth,Profit
0,555,23122001.385,950000,50000,0.0,1101205.0,44044896.385000005,44044896.385000005,22024100.0,22020796.385000005
1,556,24153850.273750003,902500,97500,0.0,2136158.75,43817971.52375001,44044896.385000005,22024100.0,21793871.523750007
2,557,22943748.460569404,958229,97500,1.2603317581705415,2136158.75,43709241.6508694,44044896.385000005,22024100.0,21685141.6508694
3,558,23990152.541651506,910318,145411,1.2603317581705415,3185711.4893,43931851.7450515,44044896.385000005,22024100.0,21907751.745051503
4,559,24984226.590418007,864803,190926,1.2603317581705415,4182776.7338,43928860.54931801,44044896.385000005,22024100.0,21904760.549318008
5,560,23732521.419403005,921828,190926,2.61547258433334,4182776.7338,43926362.13580301,44044896.385000005,22024100.0,21902262.135803007
6,561,22543523.753569007,975118,190926,3.8323759919209346,4182776.7338,44256768.79496901,44256768.79496901,22024100.0,22232668.794969007
7,562,23620056.546740506,926363,239681,3.8323759919209346,5262548.8433,44136125.271440506,44256768.79496901,22024100.0,22112025.271440506
8,563,22436699.706539508,979980,239681,5.037497372459313,5262548.8433,44022229.17653951,44256768.79496901,22024100.0,21998129.17653951
9,564,23512738.350619007,930981,288680,5.037497372459313,6341825.3168,44018991.347119,44256768.79496901,22024100.0,21994891.347119004
10,565,24534973.96447351,884432,335229,5.037497372459313,7367136.8653,44015915.41247351,44256768.79496901,22024100.0,21991815.412473507
11,566,24534973.96447351,884432,335229,5.037497372459313,7367136.8653,43909518.242873505,44256768.79496901,22024100.0,21885418.242873505
12,567,24534973.96447351,884432,335229,5.037497372459313,7367136.8653,43909518.242873505,44256768.79496901,22024100.0,21885418.242873505
13,568,25500781.892462905,840211,379450,5.037497372459313,8335850.9355,43906612.1006629,44256768.79496901,22024100.0,21882512.100662902
14,569,24223203.370733306,898415,379450,6.456695031447643,8335850.9355,43904062.0437333,44256768.79496901,22024100.0,21879962.0437333
15,570,23009641.901551705,954317,379450,7.725811258864738,8335850.9355,43685301.43335171,44256768.79496901,22024100.0,21661201.43335171
16,571,23009641.901551705,954317,379450,7.725811258864738,8335850.9355,43685301.43335171,44256768.79496901,22024100.0,21661201.43335171
17,572,24040305.168868706,906602,427165,7.725811258864738,9369615.4965,43682200.1396687,44256768.79496901,22024100.0,21658100.139668703
18,573,22835904.784084704,962082,427165,8.975181262668988,9369615.4965,43679796.14688471,44256768.79496901,22024100.0,21655696.14688471
19,574,23874970.608479906,913978,475269,8.975181262668988,10411807.8981,43676669.56967991,44256768.79496901,22024100.0,21652569.56967991
20,575,23874970.608479906,913978,475269,8.975181262668988,10411807.8981,43896755.4720799,44256768.79496901,22024100.0,21872655.472079903
21,576,24867551.394414708,868280,520967,8.975181262668988,11407375.3865,43783725.8184147,44256768.79496901,22024100.0,21759625.818414703
22,577,25810522.68945111,824866,564381,8.975181262668988,12353184.1077,43780888.392251104,44256768.79496901,22024100.0,21756788.392251104
23,578,26701388.14337451,783623,605624,8.975181262668988,13246730.1999,43678893.88757451,44256768.79496901,22024100.0,21654793.88757451
24,579,26701388.14337451,783623,605624,8.975181262668988,13246730.1999,43678893.88757451,44256768.79496901,22024100.0,21654793.88757451
25,580,26701388.14337451,783623,605624,8.975181262668988,13246730.1999,43678893.88757451,44256768.79496901,22024100.0,21654793.88757451
26,581,27547713.56466231,744442,644805,8.975181262668988,14095602.2373,43676347.271462314,44256768.79496901,22024100.0,21652247.271462314
27,582,27547713.56466231,744442,644805,8.975181262668988,14095602.2373,43765978.08826231,44256768.79496901,22024100.0,21741878.088262312
28,583,28351723.794905912,707220,682027,8.975181262668988,14902031.756099999,43673927.98290591,44256768.79496901,22024100.0,21649827.98290591
29,584,29115535.673677713,671859,717388,8.975181262668988,15668141.965499999,43671629.652277716,44256768.79496901,22024100.0,21647529.652277716
30,585,27656864.838244114,739427,717388,10.943948046678768,15668141.965499999,43587893.49594411,44256768.79496901,22024100.0,21563793.495944113
31,586,28446581.144193016,702456,754359,10.943948046678768,16460234.549199998,43496490.20739302,44256768.79496901,22024100.0,21472390.20739302
32,587,29188373.518849015,667334,789481,10.943948046678768,17204258.997199997,43325176.974849015,44256768.79496901,22024100.0,21301076.974849015
33,588,29188373.518849015,667334,789481,10.943948046678768,17204258.997199997,43325176.974849015,44256768.79496901,22024100.0,21301076.974849015
34,589,29188373.518849015,667334,789481,10.943948046678768,17204258.997199997,43244829.961249016,44256768.79496901,22024100.0,21220729.961249016
35,590,29901085.489428416,633968,822847,10.943948046678768,17919115.537399996,43483659.69902842,44256768.79496901,22024100.0,21459559.699028417
36,591,29901085.489428416,633968,822847,10.943948046678768,17919115.537399996,43331063.60142842,44256768.79496901,22024100.0,21306963.60142842
37,592,30566756.460250016,602270,854545,10.943948046678768,18586789.530199997,43252730.832250014,44256768.79496901,22024100.0,21228630.832250014
38,593,31191915.32798692,572157,884658,10.943948046678768,19213829.517899998,43105883.32328692,44256768.79496901,22024100.0,21081783.32328692
39,594,31792674.03397132,543550,913265,10.943948046678768,19816395.9231,43241793.813971326,44256768.79496901,22024100.0,21217693.813971326
40,595,32360142.56987902,516373,940442,10.943948046678768,20385571.9872,43174697.220779024,44256768.79496901,22024100.0,21150597.220779024
41,596,32902331.13460462,490555,966260,10.943948046678768,20929392.012,43235185.432604626,44256768.79496901,22024100.0,21211085.432604626
42,597,33417408.171053022,466028,990787,10.943948046678768,21446018.929199997,43233635.55185302,44256768.79496901,22024100.0,21209535.551853023
43,598,33417408.171053022,466028,990787,10.943948046678768,21446018.929199997,43121462.612253025,44256768.79496901,22024100.0,21097362.612253025
44,599,33903944.00485312,442727,1014088,10.943948046678768,21934018.762499996,43176108.383953124,44256768.79496901,22024100.0,21152008.383953124
45,600,34360839.733233124,420591,1036224,10.943948046678768,22392289.302499995,43068124.910733126,44256768.79496901,22024100.0,21044024.910733126
46,601,34797410.843040824,399562,1057253,10.943948046678768,22830174.066599995,43117450.41284083,44256768.79496901,22024100.0,21093350.41284083
47,602,35209764.60440583,379584,1077231,10.943948046678768,23243768.611599997,43068102.364405826,44256768.79496901,22024100.0,21044002.364405826
48,603,35601498.61366333,360605,1096210,10.943948046678768,23636681.359099995,43066923.62616333,44256768.79496901,22024100.0,21042823.626163334
49,604,35601498.61366333,360605,1096210,10.943948046678768,23636681.359099995,43023542.84466333,44256768.79496901,22024100.0,20999442.84466333
50,605,33817875.43004833,446588,1096210,14.929865844514804,23636681.359099995,43063363.50004833,44256768.79496901,22024100.0,21039263.500048332
51,606,32123616.98917333,528263,1096210,18.130689463621195,23636681.359099995,43059981.74667333,44256768.79496901,22024100.0,21035881.74667333
52,607,32668791.67627583,501850,1122623,18.130689463621195,24183496.491599996,43058341.301275834,44256768.79496901,22024100.0,21034241.301275834
53,608,33189712.41845543,476758,1147715,18.130689463621195,24705984.698399995,43117196.57665543,44256768.79496901,22024100.0,21093096.576655433
54,609,33696021.902307026,452921,1171552,18.130689463621195,25213817.681199994,43345232.05470703,44256768.79496901,22024100.0,21321132.054707028
55,610,33696021.902307026,452921,1171552,18.130689463621195,25213817.681199994,43290700.36630703,44256768.79496901,22024100.0,21266600.366307028
56,611,33696021.902307026,452921,1171552,18.130689463621195,25213817.681199994,43290700.36630703,44256768.79496901,22024100.0,21266600.366307028
57,612,34171597.169050224,430275,1194198,18.130689463621195,25690823.966799993,43234737.659050226,44256768.79496901,22024100.0,21210637.659050226
58,613,32459619.457068626,512327,1194198,21.46559195909772,25690823.966799993,43127753.345368624,44256768.79496901,22024100.0,21103653.345368624
59,614,32991418.665249426,486711,1219814,21.46559195909772,26224223.373199992,43126153.14714943,44256768.79496901,22024100.0,21102053.14714943
60,615,33496623.760934923,462376,1244149,21.46559195909772,26730948.64469999,43124632.97133492,44256768.79496901,22024100.0,21100532.97133492
61,616,31818462.590339925,543275,1244149,24.54839817602285,26730948.64469999,43065613.27783993,44256768.79496901,22024100.0,21041513.27783993
62,617,30224376.466709923,620121,1244149,27.113872196415645,26730948.64469999,43062431.469209924,44256768.79496901,22024100.0,21038331.469209924
63,618,28710154.377329923,693117,1244149,29.29416742795664,26730948.64469999,43059409.069829926,44256768.79496901,22024100.0,21035309.069829926
64,619,29442083.502769925,658462,1278804,29.29416742795664,27465080.16469999,43390942.510769926,44256768.79496901,22024100.0,21366842.510769926
65,620,29442083.502769925,658462,1278804,29.29416742795664,27465080.16469999,43311663.68596993,44256768.79496901,22024100.0,21287563.685969926
66,621,29442083.502769925,658462,1278804,29.29416742795664,27465080.16469999,43232450.70736992,44256768.79496901,22024100.0,21208350.707369924
67,622,30129531.219872225,625539,1311727,29.29416742795664,28154596.43059999,43230382.15857223,44256768.79496901,22024100.0,21206282.158572227
68,623,30782588.802719824,594263,1343003,29.29416742795664,28809619.081399992,43228417.090619825,44256768.79496901,22024100.0,21204317.090619825
69,624,30782588.802719824,594263,1343003,29.29416742795664,28809619.081399992,43156867.82541983,44256768.79496901,22024100.0,21132767.82541983
70,625,31392313.03459402,564550,1372716,29.29416742795664,29421177.98999999,43011994.04459402,44256768.79496901,22024100.0,20987894.04459402
71,626,31971543.87271582,536323,1400943,29.29416742795664,30002151.74939999,43010251.12331582,44256768.79496901,22024100.0,20986151.12331582
72,627,32525036.637995817,509507,1427759,29.29416742795664,30557309.98939999,43073105.30549581,44256768.79496901,22024100.0,21049005.305495813
73,628,33053908.625363316,484032,1453234,29.29416742795664,31087773.36689999,43132858.558163315,44256768.79496901,22024100.0,21108758.558163315
74,629,33562139.52841251,459831,1477435,29.29416742795664,31597533.55049999,43247835.78001252,44256768.79496901,22024100.0,21223735.78001252
75,630,34039442.60443081,436840,1500426,29.29416742795664,32076272.844399992,43135718.24043081,44256768.79496901,22024100.0,21111618.24043081
76,631,34492891.94488541,414998,1522268,29.29416742795664,32531086.62619999,43134353.79908541,44256768.79496901,22024100.0,21110253.79908541
77,632,32764818.31893101,496875,1522268,32.7651095707491,32531086.62619999,43230794.56893101,44256768.79496901,22024100.0,21206694.568931013
78,633,32764818.31893101,496875,1522268,32.7651095707491,32531086.62619999,43230794.56893101,44256768.79496901,22024100.0,21206694.568931013
79,634,33286531.48468661,472032,1547111,32.7651095707491,33054369.64099999,43229224.71988661,44256768.79496901,22024100.0,21205124.71988661
80,635,33286531.48468661,472032,1547111,32.7651095707491,33054369.64099999,43172439.27028661,44256768.79496901,22024100.0,21148339.270286612
81,636,31618880.67595781,551500,1547111,35.782919478999325,33054369.64099999,43169110.62595781,44256768.79496901,22024100.0,21145010.62595781
82,637,30034792.880270213,626986,1547111,38.30438876826575,33054369.64099999,43165948.77407021,44256768.79496901,22024100.0,21141848.77407021
83,638,30689374.737435114,595637,1578460,38.30438876826575,33710921.15269999,43163979.11953512,44256768.79496901,22024100.0,21139879.11953512
84,639,30689374.737435114,595637,1578460,38.30438876826575,33710921.15269999,43163979.11953512,44256768.79496901,22024100.0,21139879.11953512
85,640,29151847.38185771,667258,1578460,40.60403663865472,33710921.15269999,43447649.85445771,44256768.79496901,22024100.0,21423549.854457714
86,641,27691341.550257113,734911,1578460,42.58739333123382,33710921.15269999,43525072.53635711,44256768.79496901,22024100.0,21500972.536357112
87,642,28476230.399952613,698166,1615205,42.58739333123382,34498171.75419999,43434227.50015262,44256768.79496901,22024100.0,21410127.500152618
88,643,29255392.22173021,663258,1650113,42.58739333123382,35279678.09499999,44104147.02253021,44256768.79496901,22024100.0,22080047.022530213
89,644,30031399.181572814,630096,1683275,42.58739333123382,36058020.08079999,44820319.38797282,44820319.38797282,22024100.0,22796219.387972817
90,645,28526833.06298761,691249,1683275,44.759639500993195,36058020.08079999,45499899.25878762,45499899.25878762,22024100.0,23475799.258787617
91,646,27097653.787242614,748774,1683275,46.66452217921119,36058020.08079999,45663430.23984261,45663430.23984261,22024100.0,23639330.23984261
92,647,25740067.833039016,803953,1683275,48.349790101340965,36058020.08079999,45480490.585639015,45663430.23984261,22024100.0,23456390.585639015
93,648,26753055.177486617,763756,1723472,48.349790101340965,37074055.53159999,46058057.33588661,46058057.33588661,22024100.0,24033957.335886613
94,649,25412727.765270617,817186,1723472,49.98669052303199,37074055.53159999,45871469.58687061,46058057.33588661,22024100.0,23847369.58687061
95,650,24139562.522781618,866981,1723472,51.45226357999633,37074055.53159999,46262403.39788161,46262403.39788161,22024100.0,24238303.397881612
96,651,25294403.200208716,823632,1766821,51.45226357999633,38232371.155899994,47302426.78260872,47302426.78260872,22024100.0,25278326.782608718
97,652,24027176.222643916,869316,1766821,52.90708275093072,38232371.155899994,48092972.64024392,48092972.64024392,22024100.0,26068872.640243918
98,653,25205972.814774916,825851,1810286,52.90708275093072,39414714.7789,47670936.886974916,48092972.64024392,22024100.0,25646836.886974916
99,654,26306013.905741718,784559,1851578,52.90708275093072,40518065.9233,47269979.577041715,48092972.64024392,22024100.0,25245879.577041715
100,655,27360455.89902832,745332,1890805,52.90708275093072,41575680.7611,47455650.083828315,48092972.64024392,22024100.0,25431550.083828315
101,656,28316693.59590232,708066,1928071,52.90708275093072,42534795.803100005,46540188.23790231,48092972.64024392,22024100.0,24516088.237902313
102,657,29242433.12249662,672663,1963474,52.90708275093072,43463320.905,46884567.422396615,48092972.64024392,22024100.0,24860467.422396615
103,658,30080792.65206832,639030,1997107,52.90708275093072,44304203.0811,46057629.00306832,48092972.64024392,22024100.0,24033529.00306832
104,659,30080792.65206832,639030,1997107,52.90708275093072,44304203.0811,46370881.509068325,48092972.64024392,22024100.0,24346781.509068325
105,660,30877225.48081822,607079,2029058,52.90708275093072,45103032.3978,46055232.51511822,48092972.64024392,22024100.0,24031132.51511822
106,661,30877225.48081822,607079,2029058,52.90708275093072,45103032.3978,46204027.57801822,48092972.64024392,22024100.0,24179927.57801822
107,662,29330297.35212262,667641,2029058,55.219463877614075,45103032.3978,46349734.96002262,48092972.64024392,22024100.0,24325634.96002262
108,663,27860853.45877942,725728,2029058,57.240208387402866,45103032.3978,46183163.12917942,48092972.64024392,22024100.0,24159063.129179418
109,664,28791944.56243342,689442,2065344,57.240208387402866,46036925.1798,46536113.31643342,48092972.64024392,22024100.0,24512013.316433422
110,665,28791944.56243342,689442,2065344,57.240208387402866,46036925.1798,46874146.729033425,48092972.64024392,22024100.0,24850046.729033425
111,666,29693339.72557662,654970,2099816,57.240208387402866,46941032.6654,46871434.40657662,48092972.64024392,22024100.0,24847334.40657662
112,667,30533646.49574862,622222,2132564,57.240208387402866,47783867.9414,46547774.10974862,48092972.64024392,22024100.0,24523674.109748617
113,668,29003931.06393342,680980,2132564,59.48206880562367,47783867.9414,46697289.61993342,48092972.64024392,22024100.0,24673189.61993342
114,669,27550847.490319017,737868,2132564,61.447438231049354,47783867.9414,46360504.75951902,48092972.64024392,22024100.0,24336404.75951902
115,670,28497514.08589602,700975,2169457,61.447438231049354,48733383.0824,46538507.66089602,48092972.64024392,22024100.0,24514407.66089602
116,671,28497514.08589602,700975,2169457,61.447438231049354,48733383.0824,46710386.73089602,48092972.64024392,22024100.0,24686286.73089602
117,672,29405406.35905922,665927,2204505,61.447438231049354,49644007.228,46707654.85845922,48092972.64024392,22024100.0,24683554.85845922
118,673,29405406.35905922,665927,2204505,61.447438231049354,49644007.228,47360529.689259216,48092972.64024392,22024100.0,25336429.689259216
119,674,30308596.21552162,632631,2237801,61.447438231049354,50549914.8072,47521030.67422162,48092972.64024392,22024100.0,25496930.67422162
120,675,31143432.654468417,601000,2269432,61.447438231049354,51387263.2916,47053345.054468416,48092972.64024392,22024100.0,25029245.054468416
121,676,29583147.274592817,658753,2269432,63.811254468394765,51387263.2916,47344840.91239282,48092972.64024392,22024100.0,25320740.912392817
122,677,28101047.718646016,713612,2269432,65.88400727159875,51387263.2916,47341882.629846014,48092972.64024392,22024100.0,25317782.629846014
123,678,29068906.142438017,677932,2305112,65.88400727159875,52358034.0276,47513876.61883801,48092972.64024392,22024100.0,25489776.618838012
124,679,29980088.659169216,644036,2339008,65.88400727159875,53271958.3172,47344973.71276921,48092972.64024392,22024100.0,25320873.71276921
125,680,30869316.247275215,611835,2371209,65.88400727159875,54163861.6152,47815922.07727522,48092972.64024392,22024100.0,25791822.077275217
126,681,31736509.918334313,581244,2401800,65.88400727159875,55033664.6955,48263194.943534315,48263194.943534315,22024100.0,26239094.943534315
127,682,31736509.918334313,581244,2401800,65.88400727159875,55033664.6955,48548120.75233431,48548120.75233431,22024100.0,26524020.75233431
128,683,32567461.22415191,552182,2430862,65.88400727159875,55867116.356300004,48403157.49295191,48548120.75233431,22024100.0,26379057.492951907
129,684,33350121.158912808,524573,2458471,65.88400727159875,56652131.336,48265462.639812805,48548120.75233431,22024100.0,26241362.639812805
130,685,34080814.11083241,498345,2484699,65.88400727159875,57385022.9628,48006118.28033241,48548120.75233431,22024100.0,25982018.28033241
131,686,34781072.39409421,473428,2509616,65.88400727159875,58087388.3422,48126155.543694206,48548120.75233431,22024100.0,26102055.543694206
132,687,35446313.54764761,449757,2533287,65.88400727159875,58754631.224400006,48124153.81504761,48548120.75233431,22024100.0,26100053.815047607
133,688,36078279.996887416,427270,2555774,65.88400727159875,59388499.27780001,48122252.21088742,48548120.75233431,22024100.0,26098152.210887417
134,689,36694319.049195915,405907,2577137,65.88400727159875,60006392.00830001,48434570.16369592,48548120.75233431,22024100.0,26410470.163695917
135,690,37279560.47439841,385612,2597432,65.88400727159875,60593394.4408,48432809.156398416,48548120.75233431,22024100.0,26408709.156398416
136,691,35411857.56698341,450057,2597432,70.02564923583883,60593394.4408,48429081.20648341,48548120.75233431,22024100.0,26404981.20648341
137,692,36060741.65419241,427555,2619934,70.02564923583883,61244231.03780001,48427128.69669241,48548120.75233431,22024100.0,26403028.696692407
138,693,34254102.44490641,489893,2619934,73.70611240432665,61244231.03780001,48423522.63040641,48548120.75233431,22024100.0,26399422.63040641
139,694,32537997.161359012,546700,2619934,76.83887246231092,61244231.03780001,49020510.13135901,49020510.13135901,22024100.0,26996410.13135901
140,695,33393051.70358551,519365,2647269,76.83887246231092,62101858.46230001,49687972.76908551,49687972.76908551,22024100.0,27663872.76908551
141,696,34199000.03602711,493397,2673237,76.83887246231092,62910231.91510001,49558251.28722711,49687972.76908551,22024100.0,27534151.28722711
142,697,34982717.02847281,468728,2697906,76.83887246231092,63696307.133200005,49918687.87567281,49918687.87567281,22024100.0,27894587.87567281
143,698,35744445.597380415,445292,2721342,76.83887246231092,64460327.764000006,50261098.38498041,50261098.38498041,22024100.0,28236998.38498041
144,699,36484402.844385214,423028,2743606,76.83887246231092,65202511.562400006,50586295.041185215,50586295.041185215,22024100.0,28562195.041185215
145,700,37187368.876158416,401877,2764757,76.83887246231092,65907592.83800001,50584179.797358416,50586295.041185215,22024100.0,28560079.797358416
146,701,37840441.59057471,381784,2784850,76.83887246231092,66562630.66590001,50286714.52577471,50586295.041185215,22024100.0,28262614.52577471
147,702,38432891.82617151,362695,2803939,76.83887246231092,67156863.60030001,49723442.09817151,50586295.041185215,22024100.0,27699342.09817151
148,703,36507418.46056071,423468,2803939,81.3767126424426,67156863.60030001,49897391.92696071,50586295.041185215,22024100.0,27873291.926960707
149,704,36507418.46056071,423468,2803939,81.3767126424426,67156863.60030001,49793599.92016071,50586295.041185215,22024100.0,27769499.92016071
150,705,36507418.46056071,423468,2803939,81.3767126424426,67156863.60030001,49689807.91336071,50586295.041185215,22024100.0,27665707.913360707
151,706,37154198.181764014,402295,2825112,81.3767126424426,67805589.49920002,49480235.37526401,50586295.041185215,22024100.0,27456135.37526401
152,707,37778460.53384082,382181,2845226,81.3767126424426,68431730.27360001,49675602.19144082,50586295.041185215,22024100.0,27651502.19144082
153,708,35885766.678594425,445869,2845226,85.61319471049397,68431730.27360001,49109750.762694426,50586295.041185215,22024100.0,27085650.762694426
154,709,35885766.678594425,445869,2845226,85.61319471049397,68431730.27360001,49656207.80909443,50586295.041185215,22024100.0,27632107.80909443
155,710,36577656.934876025,423576,2867519,85.61319471049397,69125702.44640002,49763408.38447602,50586295.041185215,22024100.0,27739308.38447602
156,711,36577656.934876025,423576,2867519,85.61319471049397,69125702.44640002,49763408.38447602,50586295.041185215,22024100.0,27739308.38447602
157,712,37224589.39298982,402398,2888697,85.61319471049397,69774581.54180002,49553782.43438982,50586295.041185215,22024100.0,27529682.434389822
158,713,37224589.39298982,402398,2888697,85.61319471049397,69774581.54180002,49652450.42398982,50586295.041185215,22024100.0,27628350.423989818
159,714,37849006.92612262,382279,2908816,85.61319471049397,70400877.96420002,49749199.28452262,50586295.041185215,22024100.0,27725099.284522623
160,715,38437531.48827712,363166,2927929,85.61319471049397,70991173.41270003,49653731.81527712,50586295.041185215,22024100.0,27629631.815277122
161,716,38437531.48827712,363166,2927929,85.61319471049397,70991173.41270003,50187803.734877124,50586295.041185215,22024100.0,28163703.734877124
162,717,39023272.88235972,345008,2946087,85.61319471049397,71578677.31850003,50186041.22315972,50586295.041185215,22024100.0,28161941.223159723
163,718,39571293.39878472,327758,2963337,85.61319471049397,72128346.84350003,50015269.29298472,50586295.041185215,22024100.0,27991169.292984717
164,719,37588790.561893925,390331,2963337,90.68208686971269,72128346.84350003,49930978.71569393,50586295.041185215,22024100.0,27906878.71569393
165,720,37588790.561893925,390331,2963337,90.68208686971269,72128346.84350003,50026648.84379393,50586295.041185215,22024100.0,28002548.84379393
166,721,35705608.04766013,449312,2963337,94.86497908469916,72128346.84350003,50022889.996460125,50586295.041185215,22024100.0,27998789.996460125
167,722,36419305.49122463,426847,2985802,94.86497908469916,72844191.82200003,50020742.461524636,50586295.041185215,22024100.0,27996642.461524636
168,723,36419305.49122463,426847,2985802,94.86497908469916,72844191.82200003,50020742.461524636,50586295.041185215,22024100.0,27996642.461524636
169,724,37086895.54208244,405505,3007144,94.86497908469916,73513790.66940002,49809493.265582435,50586295.041185215,22024100.0,27785393.265582435
170,725,37086895.54208244,405505,3007144,94.86497908469916,73513790.66940002,49908882.541082434,50586295.041185215,22024100.0,27884782.541082434
171,726,37721109.218454935,385230,3027419,94.86497908469916,74149912.71190003,49807584.89945494,50586295.041185215,22024100.0,27783484.899454936
172,727,35831310.955433734,444877,3027419,99.10441203043472,74149912.71190003,49898232.720033735,50586295.041185215,22024100.0,27874132.720033735
173,728,36532520.20919953,422634,3049662,99.10441203043472,74853231.92330003,49896122.76239953,50586295.041185215,22024100.0,27872022.762399532
174,729,36532520.20919953,422634,3049662,99.10441203043472,74853231.92330003,49896122.76239953,50586295.041185215,22024100.0,27872022.762399532
175,730,37203837.39949383,401503,3070793,99.10441203043472,75526569.12520003,49997690.34419383,50586295.041185215,22024100.0,27973590.34419383
176,731,35339952.660673834,459434,3070793,103.1532295102033,75526569.12520003,50092378.40067384,50586295.041185215,22024100.0,28068278.400673836
177,732,33569446.281004235,514886,3070793,106.58500360155557,75526569.12520003,49976237.182404235,50586295.041185215,22024100.0,27952137.182404235
178,733,31887637.634919032,567560,3070793,109.5423151502905,75526569.12520003,49972880.278919026,50586295.041185215,22024100.0,27948780.278919026
179,734,30290088.642876033,617595,3070793,112.12387794063045,75526569.12520003,49969691.55837603,50586295.041185215,22024100.0,27945591.55837603
180,735,28772571.522888634,665866,3070793,114.39834178726025,75526569.12520003,49663917.513088636,50586295.041185215,22024100.0,27639817.513088636
181,736,28772571.522888634,665866,3070793,114.39834178726025,75526569.12520003,49500713.756488636,50586295.041185215,22024100.0,27476613.756488636
182,737,29805860.102370232,632573,3104086,114.39834178726025,76562966.89800003,49497604.56317023,50586295.041185215,22024100.0,27473504.563170232
183,738,30795202.15693543,600945,3135714,114.39834178726025,77555285.90960003,49649671.24843543,50586295.041185215,22024100.0,27625571.24843543
184,739,31713059.34689413,570898,3165761,114.39834178726025,78475904.95670003,49204974.43829413,50586295.041185215,22024100.0,27180874.438294128
185,740,31713059.34689413,570898,3165761,114.39834178726025,78475904.95670003,49065047.33849413,50586295.041185215,22024100.0,27040947.33849413
186,741,31713059.34689413,570898,3165761,114.39834178726025,78475904.95670003,49448976.24349413,50586295.041185215,22024100.0,27424876.24349413
187,742,32591936.28000133,542354,3194305,114.39834178726025,79357426.45430003,49341400.62660133,50586295.041185215,22024100.0,27317300.62660133
188,743,32591936.28000133,542354,3194305,114.39834178726025,79357426.45430003,49142031.29620133,50586295.041185215,22024100.0,27117931.296201333
189,744,32591936.28000133,542354,3194305,114.39834178726025,79357426.45430003,49241715.96140133,50586295.041185215,22024100.0,27217615.96140133
190,745,33436816.53264073,515237,3221422,114.39834178726025,80204848.97450003,49538281.924840726,50586295.041185215,22024100.0,27514181.924840726
191,746,34267774.670600235,489476,3247183,114.39834178726025,81038307.48800004,50104036.43660024,50586295.041185215,22024100.0,28079936.436600238
192,747,35057186.514483735,465003,3271656,114.39834178726025,81830094.69350004,50101661.07498373,50586295.041185215,22024100.0,28077561.07498373
193,748,35807148.73285874,441753,3294906,114.39834178726025,82582313.56850004,50099404.418358736,50586295.041185215,22024100.0,28075304.418358736
194,749,34013221.258597344,497726,3294906,117.99539474551439,82582313.56850004,49933435.321997344,50586295.041185215,22024100.0,27909335.321997344
195,750,34802271.556881346,472840,3319792,117.99539474551439,83373738.14050004,49839529.236881346,50586295.041185215,22024100.0,27815429.236881346
196,751,35564878.29954034,449198,3343434,117.99539474551439,84138639.58750004,50098005.79254034,50586295.041185215,22024100.0,28073905.79254034
197,752,35564878.29954034,449198,3343434,117.99539474551439,84138639.58750004,50098005.79254034,50586295.041185215,22024100.0,28073905.79254034
198,753,36322254.795054644,426739,3365893,117.99539474551439,84898295.04940003,50756317.40495464,50756317.40495464,22024100.0,28732217.404954642
199,754,34502511.269949645,478464,3365893,121.79110623582505,84898295.04940003,51301812.927549645,51301812.927549645,22024100.0,29277712.927549645
200,755,32773954.958952043,525386,3365893,125.07460845857176,84898295.04940003,52089981.403352045,52089981.403352045,22024100.0,30065881.403352045
201,756,31132002.663160242,568659,3365893,127.95625624028277,84898295.04940003,52666152.272860244,52666152.272860244,22024100.0,30642052.272860244
202,757,32168967.615536243,540227,3394325,127.95625624028277,85938380.25740004,51931281.61603624,52666152.272860244,22024100.0,29907181.616036236
203,758,33159058.624278042,513216,3421336,127.95625624028277,86931450.47680004,52027650.15067804,52666152.272860244,22024100.0,30003550.15067804
204,759,34094923.87040804,487556,3446996,127.95625624028277,87870131.76680005,51930453.68440804,52666152.272860244,22024100.0,29906353.68440804
205,760,32386786.262705244,534870,3446996,131.14343845540046,87870131.76680005,51658205.84970524,52666152.272860244,22024100.0,29634105.84970524
206,761,33342545.284525447,508127,3473739,131.14343845540046,88828766.69340004,51556967.35192545,52666152.272860244,22024100.0,29532867.351925448
207,762,31672107.141254645,555116,3473739,134.14660164183357,88828766.69340004,51366845.65885465,52666152.272860244,22024100.0,29342745.65885465
208,763,32653861.558625646,527361,3501494,134.14660164183357,89813475.23640004,51363891.53322564,52666152.272860244,22024100.0,29339791.53322564
209,764,32653861.558625646,527361,3501494,134.14660164183357,89813475.23640004,51654731.12472564,52666152.272860244,22024100.0,29630631.12472564
210,765,31017904.546467848,572218,3501494,136.99987020189286,89813475.23640004,51845323.64506785,52666152.272860244,22024100.0,29821223.64506785
211,766,29463930.10858285,614613,3501494,139.52320227020252,89813475.23640004,51947395.568082854,52666152.272860244,22024100.0,29923295.568082854
212,767,27987793.14421645,652775,3501494,141.7800144691991,89813475.23640004,53187258.13421645,53187258.13421645,22024100.0,31163158.13421645
213,768,26585633.293960452,689373,3501494,143.80991864009061,89813475.23640004,52944499.32196045,53187258.13421645,22024100.0,30920399.32196045
214,769,27886962.124667253,654905,3535962,143.80991864009061,91118719.80080004,52687101.13616725,53187258.13421645,22024100.0,30663001.13616725
215,770,29099234.449412253,622160,3568707,143.80991864009061,92334639.88580003,52201901.72941226,53187258.13421645,22024100.0,30177801.729412258
216,771,27641372.386495054,660958,3568707,146.0111964196167,92334639.88580003,52427760.05709505,53187258.13421645,22024100.0,30403660.05709505
217,772,28864825.234742057,627911,3601754,146.0111964196167,93561774.13680004,52181044.39774206,53187258.13421645,22024100.0,30156944.397742063
218,773,28864825.234742057,627911,3601754,146.0111964196167,93561774.13680004,51834751.48124206,53187258.13421645,22024100.0,29810651.48124206
219,774,30050133.887406558,596516,3633149,146.0111964196167,94750649.41530004,52639180.73020656,53187258.13421645,22024100.0,30615080.730206557
220,775,31165236.88977406,566691,3662974,146.0111964196167,95869107.79280004,52416546.073474064,53187258.13421645,22024100.0,30392446.073474064
221,776,32224594.08907266,538357,3691308,146.0111964196167,96931652.62660004,52413358.43897266,53187258.13421645,22024100.0,30389258.43897266
222,777,30610154.07842166,581322,3691308,148.7828403200712,96931652.62660004,52410136.003821656,53187258.13421645,22024100.0,30386036.003821656
223,778,31686223.933087658,552256,3720374,148.7828403200712,98010960.40460004,52193145.981087655,53187258.13421645,22024100.0,30169045.981087655
224,779,32738829.04779166,524644,3747986,148.7828403200712,99066732.83660004,52799117.03179166,53187258.13421645,22024100.0,30775017.031791657
225,780,33709979.685223654,498412,3774218,148.7828403200712,100040805.69260004,52217512.48122366,53187258.13421645,22024100.0,30193412.481223658
226,781,32021139.785800654,543357,3774218,151.8847953174302,100040805.69260004,52397407.63570066,53187258.13421645,22024100.0,30373307.635700658
227,782,33046821.587582357,516190,3801385,151.8847953174302,101069573.79870003,52594059.36458236,53187258.13421645,22024100.0,30569959.36458236
228,783,34002312.08779136,490381,3827194,151.8847953174302,102027939.39570004,52211629.76079136,53187258.13421645,22024100.0,30187529.76079136
229,784,34002312.08779136,490381,3827194,151.8847953174302,102027939.39570004,52391942.85449136,53187258.13421645,22024100.0,30367842.85449136
230,785,32298814.56463436,535276,3827194,155.06090881495297,102027939.39570004,52568806.71543436,53187258.13421645,22024100.0,30544706.715434358
231,786,33309243.46959566,508513,3853957,155.06090881495297,103041408.70860004,52565766.30749565,53187258.13421645,22024100.0,30541666.307495654
232,787,34259838.40120316,483088,3879382,155.06090881495297,103994864.00610004,52375976.562803164,53187258.13421645,22024100.0,30351876.562803164
233,788,35171765.30664857,458934,3903536,155.06090881495297,104909534.92430004,52550815.69884857,53187258.13421645,22024100.0,30526715.698848568
234,789,36054906.11763177,435988,3926482,155.06090881495297,105795333.12990004,52885612.47443177,53187258.13421645,22024100.0,30861512.474431768
235,790,34248589.78300617,482686,3926482,158.7956575186651,105795333.12990004,52882007.052606165,53187258.13421645,22024100.0,30857907.052606165
236,791,35168609.04413416,458552,3950616,158.7956575186651,106718120.75390004,52701803.31613416,53187258.13421645,22024100.0,30677703.316134162
237,792,35168609.04413416,458552,3950616,158.7956575186651,106718120.75390004,52870367.03133416,53187258.13421645,22024100.0,30846267.03133416
238,793,35168609.04413416,458552,3950616,158.7956575186651,106718120.75390004,52701803.31613416,53187258.13421645,22024100.0,30677703.316134162
239,794,36042615.905818164,435625,3973543,158.7956575186651,107594757.52590004,52699173.405818164,53187258.13421645,22024100.0,30675073.405818164
240,795,36872935.76687016,413844,3995324,158.7956575186651,108427575.84190004,52696674.950870164,53187258.13421645,22024100.0,30672574.950870164
241,796,37661741.54093417,393152,4016016,158.7956575186651,109218755.15390004,52694301.41293417,53187258.13421645,22024100.0,30670201.41293417
242,797,38418296.01323857,373495,4035673,158.7956575186651,109977586.11910005,52836547.595238574,53187258.13421645,22024100.0,30812447.595238574
243,798,39137016.98875937,354821,4054347,158.7956575186651,110698469.74550004,52834384.94435937,53187258.13421645,22024100.0,30810284.94435937
244,799,39832834.67938467,337080,4072088,158.7956575186651,111396381.17040004,53093191.09138467,53187258.13421645,22024100.0,31069091.09138467
245,800,37837220.508767076,385883,4072088,163.95688749977336,111396381.17040004,53584951.38556708,53584951.38556708,22024100.0,31560851.385567077
246,801,38636383.107465275,366589,4091382,163.95688749977336,112197948.47100005,53866286.45356527,53866286.45356527,22024100.0,31842186.45356527
247,802,38636383.107465275,366589,4091382,163.95688749977336,112197948.47100005,54135839.34526528,54135839.34526528,22024100.0,32111739.345265277
248,803,39395575.15014897,348260,4109711,163.95688749977336,112959424.94310005,53864002.02414897,54135839.34526528,22024100.0,31839902.02414897
249,804,40116826.229817875,330847,4127124,163.95688749977336,113682846.28680006,53861831.76011787,54135839.34526528,22024100.0,31837731.760117874
250,805,40814127.10101268,314305,4143666,163.95688749977336,114382245.35520005,54103005.36201268,54135839.34526528,22024100.0,32078905.362012677
251,806,41482326.64748168,298590,4159381,163.95688749977336,115052455.53220005,54216533.24948168,54216533.24948168,22024100.0,32192433.249481678
252,807,42149938.672119774,283661,4174310,163.95688749977336,115722076.41950005,54873184.067819774,54873184.067819774,22024100.0,32849084.067819774
253,808,42784190.219138466,269478,4188493,163.95688749977336,116358236.44660005,54871275.58773847,54873184.067819774,22024100.0,32847175.58773847
254,809,43391630.33757187,256005,4201966,163.95688749977336,116967504.36880004,54968534.844571866,54968534.844571866,22024100.0,32944434.844571866
255,810,43954651.71101187,243205,4214766,163.95688749977336,117532219.88880004,54684467.183011875,54968534.844571866,22024100.0,32660367.183011875
256,811,44502894.258339874,231045,4226926,163.95688749977336,118082112.11280005,54951072.62133987,54968534.844571866,22024100.0,32926972.621339872
257,812,45032193.381344676,219493,4238478,163.95688749977336,118613003.91120005,55119367.33444467,55119367.33444467,22024100.0,33095267.334444672
258,813,45032193.381344676,219493,4238478,163.95688749977336,118613003.91120005,55442153.74024468,55442153.74024468,22024100.0,33418053.74024468
259,814,45539032.25504787,208519,4249452,163.95688749977336,119121367.87680005,55198549.81864788,55442153.74024468,22024100.0,33174449.818647876
260,815,43257541.85719827,256903,4249452,172.81990788022824,119121367.87680005,55347319.96629827,55442153.74024468,22024100.0,33323219.966298267
261,816,43257541.85719827,256903,4249452,172.81990788022824,119121367.87680005,55063955.957298264,55442153.74024468,22024100.0,33039855.957298264
262,817,43822542.60265427,244058,4262297,172.81990788022824,119688068.72480005,54589991.069854274,55442153.74024468,22024100.0,32565891.069854274
263,818,44363733.53667767,231856,4274499,172.81990788022824,120230888.11700004,54678102.73827767,55442153.74024468,22024100.0,32654002.738277674
264,819,44890616.97733607,220264,4286091,172.81990788022824,120759356.96420005,54932254.49973607,55442153.74024468,22024100.0,32908154.49973607
265,820,44890616.97733607,220264,4286091,172.81990788022824,120759356.96420005,54851263.426936075,55442153.74024468,22024100.0,32827163.426936075
266,821,45383108.85404177,209251,4297104,172.81990788022824,121253330.76230004,54768790.43274177,55442153.74024468,22024100.0,32744690.43274177
267,822,43109458.56741677,258626,4297104,181.59362770151458,121253330.76230004,54995056.06161677,55442153.74024468,22024100.0,32970956.06161677
268,823,43701941.85685367,245695,4310035,181.59362770151458,121847596.85000004,54993273.26335367,55442153.74024468,22024100.0,32969173.26335367
269,824,41512496.08200647,292864,4310035,189.05468684022742,121847596.85000004,55079245.163606465,55442153.74024468,22024100.0,33055145.163606465
270,825,41512496.08200647,292864,4310035,189.05468684022742,121847596.85000004,54863902.26440647,55442153.74024468,22024100.0,32839802.264406472
271,826,42167318.43291917,278221,4324678,189.05468684022742,122504389.57910004,54646559.70061917,55442153.74024468,22024100.0,32622459.70061917
272,827,40054744.38605477,324844,4324678,195.54505554705284,122504389.57910004,54744644.84765477,55442153.74024468,22024100.0,32720544.847654767
273,828,38048018.80397117,369131,4324678,200.97055527966808,122504389.57910004,54740639.40737117,55442153.74024468,22024100.0,32716539.40737117
274,829,38048018.80397117,369131,4324678,200.97055527966808,122504389.57910004,55012061.43167117,55442153.74024468,22024100.0,32987961.431671172
275,830,38886887.05628237,350675,4343134,200.97055527966808,123345782.00870004,54873844.69878237,55442153.74024468,22024100.0,32849744.69878237
276,831,38886887.05628237,350675,4343134,200.97055527966808,123345782.00870004,54873844.69878237,55442153.74024468,22024100.0,32849744.69878237
277,832,39683802.805511475,333142,4360667,200.97055527966808,124145095.69900005,54871446.75771148,55442153.74024468,22024100.0,32847346.757711478
278,833,39683802.805511475,333142,4360667,200.97055527966808,124145095.69900005,54871446.75771148,55442153.74024468,22024100.0,32847346.757711478
279,834,40440902.311295375,316485,4377324,200.97055527966808,124904473.33770004,54869168.62479538,55442153.74024468,22024100.0,32845068.624795377
280,835,38414844.93229077,360838,4377324,206.5742149615752,124904473.33770004,54865124.59809077,55442153.74024468,22024100.0,32841024.598090768
281,836,38414844.93229077,360838,4377324,206.5742149615752,124904473.33770004,54865124.59809077,55442153.74024468,22024100.0,32841024.598090768
282,837,39241462.44251667,342797,4395365,206.5742149615752,125733578.16240004,54995281.33241667,55442153.74024468,22024100.0,32971181.33241667
283,838,39241462.44251667,342797,4395365,206.5742149615752,125733578.16240004,54995281.33241667,55442153.74024468,22024100.0,32971181.33241667
284,839,37275468.340592675,385152,4395365,211.66848933117473,125733578.16240004,55117403.64939268,55442153.74024468,22024100.0,33093303.64939268
285,840,38178978.29756397,365895,4414622,211.66848933117473,126639806.80530004,55397887.22906397,55442153.74024468,22024100.0,33373787.229063973
286,841,39050716.94237397,347601,4432916,211.66848933117473,127514168.53530005,55664306.73737397,55664306.73737397,22024100.0,33640206.73737397
287,842,39878902.01107397,330221,4450296,211.66848933117473,128344845.63530004,55661814.70607397,55664306.73737397,22024100.0,33637714.70607397
288,843,40671729.061608166,313710,4466807,211.66848933117473,129140058.32390004,55780818.307608165,55780818.307608165,22024100.0,33756718.307608165
289,844,41442141.80480017,298025,4482492,211.66848933117473,129912789.25990005,56124522.244800165,56124522.244800165,22024100.0,34100422.244800165
290,845,39365910.79753297,339773,4482492,217.7669339798078,129912789.25990005,56229932.06113297,56229932.06113297,22024100.0,34205832.06113297
291,846,40194096.29015737,322785,4499480,217.7669339798078,130743466.78510004,55977604.94165737,56229932.06113297,22024100.0,33953504.94165737
292,847,40986808.51600217,306646,4515619,217.7669339798078,131538564.30350004,56093907.693602175,56229932.06113297,22024100.0,34069807.693602175
293,848,41739882.67466457,291314,4530951,217.7669339798078,132293904.48270003,56091641.673064575,56229932.06113297,22024100.0,34067541.673064575
294,849,42449943.994424075,276749,4545516,217.7669339798078,133006102.39620003,55982388.92152408,56229932.06113297,22024100.0,33958288.92152408
295,850,43119443.214240775,262912,4559353,217.7669339798078,133677616.15730003,55878641.44784077,56229932.06113297,22024100.0,33854541.44784077
296,851,40959170.104666375,306674,4559353,224.7970740868922,133677616.15730003,56067648.719066374,56229932.06113297,22024100.0,34043548.719066374
297,852,41717912.88269957,291341,4574686,224.7970740868922,134438642.01290002,56178099.003899574,56229932.06113297,22024100.0,34153999.003899574
298,853,42444090.90366867,276774,4589253,224.7970740868922,135167005.12320003,56283040.00026867,56283040.00026867,22024100.0,34258940.00026867
299,854,40317652.74252147,318602,4589253,231.45802967913582,135167005.12320003,56482307.53492147,56482307.53492147,22024100.0,34458207.53492147
300,855,38297739.682426475,357767,4589253,237.09265024922752,135167005.12320003,56712543.82292648,56712543.82292648,22024100.0,34688443.82292648
301,856,39209143.80593687,339879,4607141,237.09265024922752,136081151.68640003,56578286.23403688,56712543.82292648,22024100.0,34554186.23403688
302,857,40068717.57179707,322886,4624134,237.09265024922752,136943311.93300003,56450726.24499707,56712543.82292648,22024100.0,34426626.24499707
303,858,40890106.59797308,306742,4640278,237.09265024922752,137767172.54100004,56543764.34197308,56712543.82292648,22024100.0,34519664.34197308
304,859,41641956.881608576,291405,4655615,237.09265024922752,138521285.16250002,55970195.02910858,56712543.82292648,22024100.0,33946095.02910858
305,860,39555740.68542457,333431,4655615,243.33697693750784,138521285.16250002,56074579.28742457,56712543.82292648,22024100.0,34050479.28742457
306,861,37574047.787578575,372760,4655615,248.64263586818709,138521285.16250002,56319029.90757857,56712543.82292648,22024100.0,34294929.90757857
307,862,37574047.787578575,372760,4655615,248.64263586818709,138521285.16250002,56180176.80757858,56712543.82292648,22024100.0,34156076.80757858
308,863,37574047.787578575,372760,4655615,248.64263586818709,138521285.16250002,56180176.80757858,56712543.82292648,22024100.0,34156076.80757858
309,864,38501563.31922557,354122,4674253,248.64263586818709,139451591.61350003,56177385.88822557,56712543.82292648,22024100.0,34153285.88822557
310,865,39356395.30363457,336416,4691959,248.64263586818709,140308995.81050003,55647171.89563457,56712543.82292648,22024100.0,33623071.89563457
311,866,40168451.89336457,319596,4708779,248.64263586818709,141123495.90050003,55644728.39536457,56712543.82292648,22024100.0,33620628.39536457
312,867,40951774.295543075,303617,4724758,248.64263586818709,141909175.34100002,55880470.377043076,56712543.82292648,22024100.0,33856370.377043076
313,868,41695928.12651307,288437,4739938,248.64263586818709,142655568.351,55878231.19801307,56712543.82292648,22024100.0,33854131.19801307
314,869,42397518.55890208,274016,4754359,248.64263586818709,143359269.888,55768677.310902074,56712543.82292648,22024100.0,33744577.310902074
315,870,40273430.37693208,316171,4754359,255.34738894484497,143359269.888,56172721.45393208,56712543.82292648,22024100.0,34148621.45393208
316,871,41060111.647684075,300363,4770167,255.34738894484497,144148318.30400002,56052580.611184075,56712543.82292648,22024100.0,34028480.611184075
317,872,41060111.647684075,300363,4770167,255.34738894484497,144148318.30400002,56052580.611184075,56712543.82292648,22024100.0,34028480.611184075
318,873,41807478.76080108,285345,4785185,255.34738894484497,144897934.26500002,56050331.763301075,56712543.82292648,22024100.0,34026231.763301075
319,874,42517472.541786574,271078,4799452,255.34738894484497,145610064.4365,56048195.372786574,56712543.82292648,22024100.0,34024095.372786574
320,875,43202000.98067608,257525,4813005,255.34738894484497,146296652.64000002,56248088.71817608,56712543.82292648,22024100.0,34223988.71817608
321,876,43852335.82751008,244649,4825881,255.34738894484497,146948944.36200002,56246131.84301008,56712543.82292648,22024100.0,34222031.84301008
322,877,44470143.830498084,232417,4838113,255.34738894484497,147568611.36600003,56244272.841998085,56712543.82292648,22024100.0,34220172.841998085
323,878,42242232.66201808,275987,4838113,263.40379826847254,147568611.36600003,56326401.24601808,56712543.82292648,22024100.0,34302301.24601808
324,879,40125947.15525008,317374,4838113,270.058601068954,147568611.36600003,56322177.12325008,56712543.82292648,22024100.0,34298077.12325008
325,880,40945079.798942074,301506,4853981,270.058601068954,148390208.80200002,56556155.960942075,56712543.82292648,22024100.0,34532055.960942075
326,881,41728875.05030457,286431,4869056,270.058601068954,149176362.51450002,56666108.48480457,56712543.82292648,22024100.0,34642008.48480457
327,882,39638305.05991257,326439,4869056,276.44998566454456,149176362.51450002,56661935.690412566,56712543.82292648,22024100.0,34637835.690412566
328,883,40511127.36137037,310118,4885377,276.44998566454456,150051811.1619,57145670.810570374,57145670.810570374,22024100.0,35121570.810570374
329,884,41346069.50734187,294613,4900882,276.44998566454456,150889265.6714,57258677.40204187,57258677.40204187,22024100.0,35234577.40204187
330,885,39274683.54382067,332887,4900882,282.6600553296261,150889265.6714,57254542.89912067,57258677.40204187,22024100.0,35230442.89912067
331,886,39274683.54382067,332887,4900882,282.6600553296261,150889265.6714,56882541.67662067,57258677.40204187,22024100.0,34858441.67662067
332,887,40158598.104569875,316243,4917526,282.6600553296261,151775839.955,57003882.36126988,57258677.40204187,22024100.0,34979782.36126988
333,888,38146698.67704947,353676,4917526,288.3372391368395,151775839.955,57117667.11144947,57258677.40204187,22024100.0,35093567.11144947
334,889,39072658.96347147,335993,4935209,288.3372391368395,152704586.481,56719683.30947147,57258677.40204187,22024100.0,34695583.30947147
335,890,39072658.96347147,335993,4935209,288.3372391368395,152704586.481,56844807.102671474,57258677.40204187,22024100.0,34820707.102671474
336,891,39977282.83384717,319194,4952008,288.3372391368395,153611932.38910002,57217557.24244717,57258677.40204187,22024100.0,35193457.24244717
337,892,39977282.83384717,319194,4952008,288.3372391368395,153611932.38910002,57217557.24244717,57258677.40204187,22024100.0,35193457.24244717
338,893,39977282.83384717,319194,4952008,288.3372391368395,153611932.38910002,57336457.00744717,57336457.00744717,22024100.0,35312357.00744717
339,894,40830745.92489338,303235,4967967,288.3372391368395,154467963.5737,57096089.38389338,57336457.00744717,22024100.0,35071989.38389338
340,895,41652794.24762818,288074,4983128,288.3372391368395,155292485.4621,57319525.89322818,57336457.00744717,22024100.0,35295425.89322818
341,896,42428393.84314109,273671,4997531,288.3372391368395,156070418.8578,57209884.52804109,57336457.00744717,22024100.0,35185784.52804109
342,897,40302779.71597228,312947,4997531,295.1159313256127,156070418.8578,57205641.785272285,57336457.00744717,22024100.0,35181541.785272285
343,898,41145368.54267438,297300,5013178,295.1159313256127,156915543.0571,57203106.412674375,57336457.00744717,22024100.0,35179006.412674375
344,899,41945846.775493875,282435,5028043,295.1159313256127,157718429.9506,57200697.75199387,57336457.00744717,22024100.0,35176597.75199387
345,900,39844408.260540076,320736,5028043,301.654779558739,157718429.9506,57406917.33894008,57406917.33894008,22024100.0,35382817.33894008
346,901,40731766.64353488,304700,5044079,301.654779558739,158608458.419,57643195.573534876,57643195.573534876,22024100.0,35619095.573534876
347,902,41586117.400470376,289465,5059314,301.654779558739,159465379.9405,57867626.30897038,57867626.30897038,22024100.0,35843526.30897038
348,903,39502704.845175974,326678,5059314,308.0196221474655,159465379.9405,57755642.08837597,57867626.30897038,22024100.0,35731542.08837597
349,904,40412563.63065037,310345,5075647,308.0196221474655,160377976.51569998,57752904.29865037,57867626.30897038,22024100.0,35728804.29865037
350,905,41265256.103407875,294828,5091164,308.0196221474655,161233234.76319999,57515438.393407874,57867626.30897038,22024100.0,35491338.393407874
351,906,42075305.70970538,280087,5105905,308.0196221474655,162045721.83069998,57513000.93220538,57867626.30897038,22024100.0,35488900.93220538
352,907,42829042.23568658,266083,5119909,308.0196221474655,162801726.3703,57193506.38238658,57867626.30897038,22024100.0,35169406.38238658
353,908,43510051.02100898,252779,5133213,308.0196221474655,163484784.3295,56488306.27270898,57867626.30897038,22024100.0,34464206.27270898
354,909,41330242.46933618,293940,5133213,315.42064833104035,163484784.3295,56865676.92533618,57867626.30897038,22024100.0,34841576.92533618
355,910,42099152.40382028,279243,5147910,315.42064833104035,164256007.9348,56752400.90452028,57867626.30897038,22024100.0,34728300.90452028
356,911,39989997.067529485,321166,5147910,321.97472144400996,164256007.9348,56115677.694329485,57867626.30897038,22024100.0,34091577.694329485
357,912,40787803.51970928,305108,5163968,321.97472144400996,165056215.0082,55992036.90810928,57867626.30897038,22024100.0,33967936.90810928
358,913,41534230.18765128,289853,5179223,321.97472144400996,165804887.69419998,55759403.83925128,57867626.30897038,22024100.0,33735303.83925128
359,914,42259687.68798648,275361,5193715,321.97472144400996,166532528.1158,56085508.42578648,57867626.30897038,22024100.0,34061408.42578648
360,915,40142520.791758075,316515,5193715,328.6503640334607,166532528.1158,56393128.876258075,57867626.30897038,22024100.0,34369028.876258075
361,916,40970444.83838057,300690,5209540,328.6503640334607,167362943.40829998,56749122.51938057,57867626.30897038,22024100.0,34725022.51938057
362,917,41756985.76204077,285656,5224574,328.6503640334607,168151851.0549,56746755.79644077,57867626.30897038,22024100.0,34722655.79644077
363,918,42488056.67845497,271374,5238856,328.6503640334607,168885121.7835,56421021.99865498,57867626.30897038,22024100.0,34396921.99865498
364,919,43192793.62908537,257806,5252424,328.6503640334607,169591979.3067,56623815.933485374,57867626.30897038,22024100.0,34599715.933485374
365,920,41028880.91984097,299259,5252424,335.86683378775376,169591979.3067,56619496.74644097,57867626.30897038,22024100.0,34595396.74644097
366,921,41800391.07249817,284297,5267386,335.86683378775376,170365810.9543,56504175.05309817,57867626.30897038,22024100.0,34480075.05309817
367,922,42538681.97876737,270083,5281600,335.86683378775376,171106323.3979,56609304.062967375,57867626.30897038,22024100.0,34585204.062967375
368,923,43235010.88542978,256579,5295104,335.86683378775376,171804747.57709998,56505225.449629776,57867626.30897038,22024100.0,34481125.449629776
369,924,43896482.09504658,243751,5307932,335.86683378775376,172468209.17149997,56503235.064846575,57867626.30897038,22024100.0,34479135.064846575
370,925,43896482.09504658,243751,5307932,335.86683378775376,172468209.17149997,56411219.06234658,57867626.30897038,22024100.0,34387119.06234658
371,926,44524900.370038785,231564,5320119,335.86683378775376,173098518.37409997,56501344.137238786,57867626.30897038,22024100.0,34477244.137238786
372,927,42294221.82104518,274296,5320119,343.9829787435679,173098518.37409997,56584330.25144518,57867626.30897038,22024100.0,34560230.25144518
373,928,43001379.302233584,260582,5333833,343.9829787435679,173807803.71129996,56478628.22583358,57867626.30897038,22024100.0,34454528.22583358
374,929,43001379.302233584,260582,5333833,343.9829787435679,173807803.71129996,56577023.98903358,57867626.30897038,22024100.0,34552923.98903358
375,930,43687927.380074784,247553,5346862,343.9829787435679,174496417.63089997,56771697.55727479,57867626.30897038,22024100.0,34747597.55727479
376,931,41499185.97245019,289180,5346862,351.5366569450341,174496417.63089997,56673877.554450184,57867626.30897038,22024100.0,34649777.554450184
377,932,42261086.24549539,274721,5361321,351.5366569450341,175260610.48249996,56780750.425895385,57867626.30897038,22024100.0,34756650.425895385
378,933,42261086.24549539,274721,5361321,351.5366569450341,175260610.48249996,56884457.60339539,57867626.30897038,22024100.0,34860357.60339539
379,934,42261086.24549539,274721,5361321,351.5366569450341,175260610.48249996,56677043.24839538,57867626.30897038,22024100.0,34652943.24839538
380,935,42984888.870196186,260985,5375057,351.5366569450341,175986591.04889995,56778572.484196186,57867626.30897038,22024100.0,34754472.484196186
381,936,43667579.60538589,247936,5388106,351.5366569450341,176671336.01899993,56677996.41178589,57867626.30897038,22024100.0,34653896.41178589
382,937,44320772.48073469,235540,5400502,351.5366569450341,177326494.36939994,56769626.776734695,57867626.30897038,22024100.0,34745526.776734695
383,938,44941347.86739029,223763,5412279,351.5366569450341,177948937.08419994,56767759.44859029,57867626.30897038,22024100.0,34743659.44859029
384,939,42689834.04181829,266278,5412279,359.9752804362726,177948937.08419994,56763265.40901829,57867626.30897038,22024100.0,34739165.40901829
385,940,43401368.332069695,252965,5425592,359.9752804362726,178662612.40039992,56962164.273069695,57867626.30897038,22024100.0,34938064.273069695
386,941,44067840.05580409,240317,5438240,359.9752804362726,179331089.55559993,56769170.26660409,57867626.30897038,22024100.0,34745070.26660409
387,942,41860069.62479689,282006,5438240,367.7884606650621,179331089.55559993,56764763.53919689,57867626.30897038,22024100.0,34740663.53919689
388,943,42608359.59002689,267906,5452340,367.7884606650621,180081631.14559993,56868969.17942689,57867626.30897038,22024100.0,34844869.17942689
389,944,43324276.4996579,254511,5465735,367.7884606650621,180799702.26859993,56967949.4810579,57867626.30897038,22024100.0,34943849.4810579
390,945,44004384.2021629,241786,5478460,367.7884606650621,181481856.43359992,56965903.0185629,57867626.30897038,22024100.0,34941803.0185629
391,946,44645949.9744796,229697,5490549,367.7884606650621,182125352.6946999,56872698.3147796,57867626.30897038,22024100.0,34848598.3147796
392,947,45259730.4739348,218213,5502033,367.7884606650621,182740980.0762999,56957562.0501348,57867626.30897038,22024100.0,34933462.0501348
393,948,45259730.4739348,218213,5502033,367.7884606650621,182740980.0762999,56957562.0501348,57867626.30897038,22024100.0,34933462.0501348
394,949,45838726.46830779,207303,5512943,367.7884606650621,183321718.2852999,56873444.4280078,57867626.30897038,22024100.0,34849344.4280078
395,950,46388799.1980673,196938,5523308,367.7884606650621,183873446.1987999,56871789.2442673,57867626.30897038,22024100.0,34847689.2442673
396,951,46915034.2030861,187092,5533154,367.7884606650621,184401264.6591999,56944549.8838861,57867626.30897038,22024100.0,34920449.8838861
397,952,44564643.8032825,230849,5533154,377.9496439571708,184401264.6591999,56939858.4858825,57867626.30897038,22024100.0,34915758.4858825
398,953,42331983.7820545,272709,5533154,386.12027130720327,184401264.6591999,56848256.581154495,57867626.30897038,22024100.0,34824156.581154495
399,954,40211170.107327096,312472,5533154,392.89393587138824,184401264.6591999,56844023.420127094,57867626.30897038,22024100.0,34819923.420127094
400,955,41040286.002844,296849,5548777,392.89393587138824,185232875.3868999,56841528.587944,57867626.30897038,22024100.0,34817428.587944
401,956,41822368.0176816,282007,5563619,392.89393587138824,186017310.7076999,56727114.7844816,57867626.30897038,22024100.0,34703014.7844816
402,957,39727080.601269595,321572,5563619,399.39669483672105,186017310.7076999,56722932.5740696,57867626.30897038,22024100.0,34698832.5740696
403,958,39727080.601269595,321572,5563619,399.39669483672105,186017310.7076999,56722932.5740696,57867626.30897038,22024100.0,34698832.5740696
404,959,40580343.442472994,305494,5579697,399.39669483672105,186873141.0398999,56841758.513073,57867626.30897038,22024100.0,34817658.513073
405,960,41390937.834595196,290220,5594971,399.39669483672105,187686174.53249988,56839319.4125952,57867626.30897038,22024100.0,34815219.4125952
406,961,42155578.187465996,275709,5609482,399.39669483672105,188453115.7088999,56727460.539065994,57867626.30897038,22024100.0,34703360.539065994
407,962,42155578.187465996,275709,5609482,399.39669483672105,188453115.7088999,56623380.39156599,57867626.30897038,22024100.0,34599280.39156599
408,963,42876774.58447649,261924,5623267,399.39669483672105,189176482.20539987,56621210.29207649,57867626.30897038,22024100.0,34597110.29207649
409,964,42876774.58447649,261924,5623267,399.39669483672105,189176482.20539987,56621210.29207649,57867626.30897038,22024100.0,34597110.29207649
410,965,43561924.241005294,248828,5636363,399.39669483672105,189863693.49579987,56619148.65820529,57867626.30897038,22024100.0,34595048.65820529
411,966,43561924.241005294,248828,5636363,399.39669483672105,189863693.49579987,56619148.65820529,57867626.30897038,22024100.0,34595048.65820529
412,967,44222170.7273476,236387,5648804,399.39669483672105,190525926.68169987,56805027.098647594,57867626.30897038,22024100.0,34780927.098647594
413,968,44222170.7273476,236387,5648804,399.39669483672105,190525926.68169987,56894263.191147596,57867626.30897038,22024100.0,34870163.191147596
414,969,44853855.8303658,224568,5660623,399.39669483672105,191159512.54229987,56892362.433565795,57867626.30897038,22024100.0,34868262.433565795
415,970,44853855.8303658,224568,5660623,399.39669483672105,191159512.54229987,56807588.0135658,57867626.30897038,22024100.0,34783488.0135658
416,971,45449728.1516142,213340,5671851,399.39669483672105,191757177.85949987,56805795.0176142,57867626.30897038,22024100.0,34781695.0176142
417,972,46015828.08488429,202673,5682518,399.39669483672105,192324981.2027999,56804091.6075843,57867626.30897038,22024100.0,34779991.6075843
418,973,46553588.52585419,192540,5692651,399.39669483672105,192864359.7794999,56802473.471854195,57867626.30897038,22024100.0,34778373.471854195
419,974,47075366.269991696,182913,5702278,399.39669483672105,193387707.56699988,57018974.232491694,57867626.30897038,22024100.0,34994874.232491694
420,975,47571019.8973042,173768,5711423,399.39669483672105,193884852.62949988,57017482.7973042,57867626.30897038,22024100.0,34993382.7973042
421,976,45187756.153243,218137,5711423,410.30042382630097,193884852.62949988,56881513.567043,57867626.30897038,22024100.0,34857413.567043
422,977,45770644.53072979,207231,5722329,410.30042382630097,194469494.93389988,56879759.64012979,57867626.30897038,22024100.0,34855659.64012979
423,978,46320504.9796481,196870,5732690,410.30042382630097,195021009.92779988,56799875.3926481,57867626.30897038,22024100.0,34775775.3926481
424,979,46846579.6449335,187027,5742533,410.30042382630097,195548667.56599987,56872610.8447335,57867626.30897038,22024100.0,34848510.8447335
425,980,44499566.4682943,231031,5742533,420.4390135376384,195548667.56599987,56797323.4951943,57867626.30897038,22024100.0,34773223.4951943
426,981,42270141.3810203,272536,5742533,428.6029813694111,195548667.56599987,56880087.747420296,57867626.30897038,22024100.0,34855987.747420296
427,982,42993276.0665681,258910,5756159,428.6029813694111,196273978.18339986,56775029.4755681,57867626.30897038,22024100.0,34750929.4755681
428,983,43670525.7843266,245965,5769104,428.6029813694111,196953265.76389986,56577514.562826596,57867626.30897038,22024100.0,34553414.562826596
429,984,44318554.663081,233667,5781402,428.6029813694111,197603244.57909986,56668416.413881,57867626.30897038,22024100.0,34644316.413881
430,985,44938573.9300159,221984,5793085,428.6029813694111,198225129.50079986,56754760.0516159,57867626.30897038,22024100.0,34730660.0516159
431,986,42687166.0206535,264497,5793085,437.09802698883215,198225129.50079986,56666467.2634535,57867626.30897038,22024100.0,34642367.2634535
432,987,42687166.0206535,264497,5793085,437.09802698883215,198225129.50079986,56666467.2634535,57867626.30897038,22024100.0,34642367.2634535
433,988,40548542.4515347,304939,5793085,444.0973116306786,198225129.50079986,56641911.633834705,57867626.30897038,22024100.0,34617811.633834705
434,989,41350746.9187681,289693,5808331,444.0973116306786,199029747.82299986,56639497.7788681,57867626.30897038,22024100.0,34615397.7788681
435,990,42107373.8717761,275209,5822815,444.0973116306786,199788651.48699987,56527224.635776095,57867626.30897038,22024100.0,34503124.635776095
436,991,42831388.9228801,261449,5836575,444.0973116306786,200514845.11899987,56629542.912180096,57867626.30897038,22024100.0,34605442.912180096
437,992,43519203.2214289,248377,5849647,444.0973116306786,201204729.06939986,56627473.260328904,57867626.30897038,22024100.0,34603373.260328904
438,993,44167904.7888449,235959,5862065,444.0973116306786,201855382.59739986,56531212.5528449,57867626.30897038,22024100.0,34507112.5528449
439,994,44779700.1710716,224162,5873862,444.0973116306786,202469018.88849986,56439778.011671595,57867626.30897038,22024100.0,34415678.011671595
440,995,45356708.072270796,212954,5885070,444.0973116306786,203047763.02209985,56352949.8840708,57867626.30897038,22024100.0,34328849.8840708
441,996,45356708.072270796,212954,5885070,444.0973116306786,203047763.02209985,56272091.2502708,57867626.30897038,22024100.0,34247991.2502708
442,997,45904834.68933609,202307,5895717,444.0973116306786,203597538.96699986,56351300.55623609,57867626.30897038,22024100.0,34327200.55623609
443,998,46421743.85067109,192192,5905832,444.0973116306786,204116003.52199987,56272929.194671094,57867626.30897038,22024100.0,34248829.194671094
444,999,46912794.77813209,182583,5915441,444.0973116306786,204608532.03499988,56271451.60913209,57867626.30897038,22024100.0,34247351.60913209
445,1000,47379316.15567309,173454,5924570,444.0973116306786,205076457.18799987,56270047.83367309,57867626.30897038,22024100.0,34245947.83367309
446,1001,47825766.23768588,164782,5933242,444.0973116306786,205524250.65039986,56334564.93708588,57867626.30897038,22024100.0,34310464.93708588
447,1002,48249924.70467199,156543,5941481,444.0973116306786,205949685.42169985,56333288.632771984,57867626.30897038,22024100.0,34309188.632771984
448,1003,48649909.67805499,148716,5949308,444.0973116306786,206350873.96069986,56272645.69005499,57867626.30897038,22024100.0,34248545.69005499
449,1004,49032676.78596149,141281,5956743,444.0973116306786,206734792.82519984,56327961.39866149,57867626.30897038,22024100.0,34303861.39866149
450,1005,49396344.14981509,134217,5963807,444.0973116306786,207099554.47399983,56326867.11371509,57867626.30897038,22024100.0,34302767.11371509
451,1006,49746866.578335084,127507,5970517,444.0973116306786,207451131.63399982,56427723.350335084,57867626.30897038,22024100.0,34403623.350335084
452,1007,49746866.578335084,127507,5970517,444.0973116306786,207451131.63399982,56379308.942435086,57867626.30897038,22024100.0,34355208.942435086
453,1008,50077475.679097585,121132,5976892,444.0973116306786,207782735.54649982,56378314.130697586,57867626.30897038,22024100.0,34354214.130697586
454,1009,50393833.924569584,115076,5982948,444.0973116306786,208100045.72249982,56423356.020569585,57867626.30897038,22024100.0,34399256.020569585
455,1010,50692185.94914789,109323,5988701,444.0973116306786,208399295.49639982,56378763.91404789,57867626.30897038,22024100.0,34354663.91404789
456,1011,48152510.969411485,157349,5988701,460.20549006333465,208399295.49639982,56456714.588711485,57867626.30897038,22024100.0,34432614.588711485
457,1012,48575385.47347678,149482,5996568,460.20549006333465,208823442.44129983,56634662.658876784,57867626.30897038,22024100.0,34610562.658876784
458,1013,48974306.44686458,142008,6004042,460.20549006333465,209223563.77869982,56576718.927664585,57867626.30897038,22024100.0,34552618.927664585
459,1014,49350577.57684459,134908,6011142,460.20549006333465,209600967.11869982,56521666.280044585,57867626.30897038,22024100.0,34497566.280044585
460,1015,49710588.54359608,128163,6017887,460.20549006333465,209962061.36819983,56571807.564896084,57867626.30897038,22024100.0,34547707.564896084
461,1016,50055037.485003285,121755,6024295,460.20549006333465,210307546.76579982,56619421.78350329,57867626.30897038,22024100.0,34595321.78350329
462,1017,50379928.03424219,115668,6030382,460.20549006333465,210633414.9194998,56572225.98104219,57867626.30897038,22024100.0,34548125.98104219
463,1018,50686403.51940759,109885,6036165,460.20549006333465,210940812.59769982,56527384.64840759,57867626.30897038,22024100.0,34503284.64840759
464,1019,50686403.51940759,109885,6036165,460.20549006333465,210940812.59769982,56527384.64840759,57867626.30897038,22024100.0,34503284.64840759
465,1020,50686403.51940759,109885,6036165,460.20549006333465,210940812.59769982,56527384.64840759,57867626.30897038,22024100.0,34503284.64840759
466,1021,50686403.51940759,109885,6036165,460.20549006333465,210940812.59769982,56485661.31390759,57867626.30897038,22024100.0,34461561.31390759
467,1022,50977563.17970479,104391,6041659,460.20549006333465,211232848.36529982,56526508.54110479,57867626.30897038,22024100.0,34502408.54110479
468,1023,51252173.248869896,99172,6046878,460.20549006333465,211508284.74359983,56486044.969269894,57867626.30897038,22024100.0,34461944.969269894
469,1024,51514927.08865029,94214,6051836,460.20549006333465,211771829.21679983,56522909.94425029,57867626.30897038,22024100.0,34498809.94425029
470,1025,48934077.63012549,142670,6051836,478.25902663304095,211771829.21679983,56517758.54812549,57867626.30897038,22024100.0,34493658.54812549
471,1026,49312097.62592089,135537,6058969,478.25902663304095,212150986.68499982,56516621.07572089,57867626.30897038,22024100.0,34492521.07572089
472,1027,49668632.94469129,128761,6065745,478.25902663304095,212508594.82819983,56464084.852391295,57867626.30897038,22024100.0,34439984.852391295
473,1028,50004946.416347295,122323,6072183,478.25902663304095,212845920.27619985,56414182.324347295,57867626.30897038,22024100.0,34390082.324347295
474,1029,50324438.99053929,116207,6078299,478.25902663304095,213166374.21219984,56413220.96253929,57867626.30897038,22024100.0,34389120.96253929
475,1030,50630145.92708829,110397,6084109,478.25902663304095,213473001.02919984,56456424.87998829,57867626.30897038,22024100.0,34432324.87998829
476,1031,50920541.208123386,104878,6089628,478.25902663304095,213764270.11749983,56455551.07272339,57867626.30897038,22024100.0,34431451.07272339
477,1032,48369443.878084585,153120,6089628,494.8865430868027,213764270.11749983,56450459.062084585,57867626.30897038,22024100.0,34426359.062084585
478,1033,48369443.878084585,153120,6089628,494.8865430868027,213764270.11749983,56624862.742084585,57867626.30897038,22024100.0,34600762.742084585
479,1034,48778079.00950778,145464,6097284,494.8865430868027,214174134.84309983,56565508.79590778,57867626.30897038,22024100.0,34541408.79590778
480,1035,49166271.709460884,138191,6104557,494.8865430868027,214563495.62539983,56564340.71356089,57867626.30897038,22024100.0,34540240.71356089
481,1036,46703063.01924889,184771,6104557,508.1910773806042,214563495.62539983,56454481.88394889,57867626.30897038,22024100.0,34430381.88394889
482,1037,47189142.31009908,175533,6113795,508.1910773806042,215051037.54199982,56453019.25819908,57867626.30897038,22024100.0,34428919.25819908
483,1038,47650912.37466948,166757,6122571,508.1910773806042,215514197.0851998,56451629.77956948,57867626.30897038,22024100.0,34427529.77956948
484,1039,48089583.41253678,158420,6130908,508.1910773806042,215954188.0960998,56450309.80653678,57867626.30897038,22024100.0,34426209.80653678
485,1040,48509364.204166576,150499,6138829,508.1910773806042,216375232.0194998,56509198.74876658,57867626.30897038,22024100.0,34485098.74876658
486,1041,48908105.610077776,142975,6146353,508.1910773806042,216775173.24909982,56507998.92507777,57867626.30897038,22024100.0,34483898.92507777
487,1042,49289626.498193376,135827,6153501,508.1910773806042,217157842.14389983,56561138.525893375,57867626.30897038,22024100.0,34537038.525893375
488,1043,49664946.04999787,129036,6160292,508.1910773806042,217534291.04239982,56817863.15599787,57867626.30897038,22024100.0,34793763.15599787
489,1044,47176749.76594907,172638,6160292,522.5751053721241,217534291.04239982,57008863.66954907,57867626.30897038,22024100.0,34984763.66954907
490,1045,47660294.82257867,164007,6168923,522.5751053721241,218019291.09919983,56876307.37217867,57867626.30897038,22024100.0,34852207.37217867
491,1046,48116589.24031867,155807,6177123,522.5751053721241,218476958.51919982,56812660.91201867,57867626.30897038,22024100.0,34788560.91201867
492,1047,48547120.72442368,148017,6184913,522.5751053721241,218908785.48419982,56752221.09392367,57867626.30897038,22024100.0,34728121.09392367
493,1048,48947693.94874368,140617,6192313,522.5751053721241,219310564.04419982,56582409.59354368,57867626.30897038,22024100.0,34558309.59354368
494,1049,46495422.45696708,185380,6192313,535.7770513118155,219310564.04419982,56630907.11496708,57867626.30897038,22024100.0,34606807.11496708
495,1050,46997167.48618628,176111,6201582,535.7770513118155,219813818.83779982,56559008.56458628,57867626.30897038,22024100.0,34534908.56458628
496,1051,46997167.48618628,176111,6201582,535.7770513118155,219813818.83779982,56492139.217886284,57867626.30897038,22024100.0,34468039.217886284
497,1052,47463796.68329528,167306,6210387,535.7770513118155,220281852.1347998,56357014.03569528,57867626.30897038,22024100.0,34332914.03569528
498,1053,45085874.342918485,211952,6210387,546.9738127879988,220281852.1347998,56352267.68371849,57867626.30897038,22024100.0,34328167.68371849
499,1054,45651483.86325439,201355,6220984,546.9738127879988,220849163.5894998,56431043.923754394,57867626.30897038,22024100.0,34406943.923754394
