Ticker;Datetime;Close;Volume
VNM;20091231;10,9587;303560
VNM;20100104;11,4701;522570
VNM;20100105;11,9815;788950
VNM;20100106;12,0546;320220
VNM;20100107;11,6893;165310
VNM;20100108;11,324;391270
VNM;20100111;11,1779;270860
VNM;20100112;10,8126;362150
VNM;20100113;11,1048;351930
VNM;20100114;11,1048;175250
VNM;20100115;10,8126;241100
VNM;20100118;10,3742;264810
VNM;20100119;10,8856;281670
VNM;20100120;11,397;606070
VNM;20100121;11,1048;547510
VNM;20100122;11,1048;259390
VNM;20100125;11,397;254610
VNM;20100126;11,9085;620490
VNM;20100127;11,397;560860
VNM;20100128;11,397;163980
VNM;20100129;11,324;337550
VNM;20100201;11,8354;258050
VNM;20100202;11,9815;713690
VNM;20100203;12,566;1539620
VNM;20100204;13,0043;1188140
VNM;20100205;12,4199;551100
VNM;20100208;12,4199;246070
VNM;20100209;11,8354;1991740
VNM;20100210;12,4199;615590
VNM;20100211;13,0043;1382690
VNM;20100212;13,2235;1058090
VNM;20100222;13,0774;640640
VNM;20100223;12,639;542830
VNM;20100224;12,7851;435280
VNM;20100225;13,0065;591140
VNM;20100226;12,5631;964030
VNM;20100301;12,5631;314070
VNM;20100302;12,4892;371080
VNM;20100303;12,7848;182040
VNM;20100304;12,9326;423030
VNM;20100305;13,0065;257150
VNM;20100308;13,1543;328580
VNM;20100309;13,5238;1059570
VNM;20100310;13,2282;142590
VNM;20100311;13,1543;114560
VNM;20100312;13,1543;104640
VNM;20100315;13,1543;200590
VNM;20100316;12,9326;123000
VNM;20100317;12,9326;83710
VNM;20100318;13,0065;66490
VNM;20100319;12,8587;46770
VNM;20100322;12,7848;54750
VNM;20100323;12,637;76950
VNM;20100324;12,7109;70370
VNM;20100325;12,7109;70870
VNM;20100326;12,637;130230
VNM;20100329;12,7109;143530
VNM;20100330;12,4892;158730
VNM;20100331;12,5631;118610
VNM;20100401;12,637;187970
VNM;20100402;12,7848;106910
VNM;20100405;12,9326;103910
VNM;20100406;12,8587;218490
VNM;20100407;12,7848;234320
VNM;20100408;12,9348;214670
VNM;20100409;12,9348;162060
VNM;20100412;13,1591;250280
VNM;20100413;13,1591;391070
VNM;20100414;13,1591;206310
VNM;20100415;13,3087;158020
VNM;20100416;13,2339;96740
VNM;20100419;13,2339;240970
VNM;20100420;13,2339;162870
VNM;20100421;13,1591;119140
VNM;20100422;13,1591;117050
VNM;20100426;13,3834;260840
VNM;20100427;13,9068;676730
VNM;20100428;14,0563;398620
VNM;20100429;14,0563;251870
VNM;20100504;13,9068;177180
VNM;20100505;13,832;219490
VNM;20100506;13,832;209680
VNM;20100507;13,6825;283240
VNM;20100510;13,533;221640
VNM;20100511;13,7573;118430
VNM;20100512;13,6077;198420
VNM;20100513;13,6825;57080
VNM;20100514;13,7573;117740
VNM;20100517;13,6077;106480
VNM;20100518;13,6077;79010
VNM;20100519;13,3834;241580
VNM;20100520;13,4582;272360
VNM;20100521;13,0844;214660
VNM;20100524;13,2339;162620
VNM;20100525;13,3087;70580
VNM;20100526;13,3834;88640
VNM;20100527;13,3087;51500
VNM;20100528;13,4582;130340
VNM;20100531;13,2339;58970
VNM;20100601;13,3087;82740
VNM;20100602;13,2339;223120
VNM;20100603;13,3834;128860
VNM;20100604;13,4582;103320
VNM;20100607;13,1591;270460
VNM;20100608;13,1591;73450
VNM;20100609;13,3834;76840
VNM;20100610;13,4582;43820
VNM;20100611;13,4582;208230
VNM;20100614;13,4582;51320
VNM;20100615;13,3834;46660
VNM;20100616;13,4582;42730
VNM;20100617;13,3834;44250
VNM;20100618;13,3834;43680
VNM;20100621;13,3834;72460
VNM;20100622;13,3834;61680
VNM;20100623;13,533;136740
VNM;20100624;13,6077;95000
VNM;20100625;13,6077;65690
VNM;20100628;13,533;120260
VNM;20100629;13,533;56160
VNM;20100630;13,4582;106670
VNM;20100701;13,6077;125970
VNM;20100702;13,6825;103090
VNM;20100705;13,6077;47090
VNM;20100706;13,6077;90400
VNM;20100707;13,6077;43750
VNM;20100708;13,6077;76850
VNM;20100709;13,6077;70390
VNM;20100712;13,6825;38490
VNM;20100713;13,7573;61150
VNM;20100714;13,7573;100580
VNM;20100715;13,7573;48800
VNM;20100716;13,832;39150
VNM;20100719;13,832;62020
VNM;20100720;13,9068;127800
VNM;20100721;13,9816;77860
VNM;20100722;13,832;34060
VNM;20100723;13,7573;39200
VNM;20100726;13,7573;77420
VNM;20100727;13,7573;56320
VNM;20100728;13,6825;159210
VNM;20100729;13,6825;45050
VNM;20100730;13,6825;53050
VNM;20100802;13,6077;70110
VNM;20100803;13,6825;95750
VNM;20100804;13,6825;103130
VNM;20100805;13,7573;67940
VNM;20100806;13,6825;64800
VNM;20100809;13,6077;93970
VNM;20100810;13,6077;147420
VNM;20100811;13,6825;64660
VNM;20100812;13,4582;156750
VNM;20100813;13,8444;232020
VNM;20100816;13,9991;29170
VNM;20100817;13,8444;50450
VNM;20100818;13,6898;34750
VNM;20100819;13,6898;32560
VNM;20100820;13,7671;13660
VNM;20100823;13,6898;7880
VNM;20100824;13,4577;46050
VNM;20100825;13,3804;74930
VNM;20100826;13,3804;45190
VNM;20100827;13,4577;20430
VNM;20100830;13,6898;22350
VNM;20100831;13,7671;70430
VNM;20100901;13,6898;27940
VNM;20100906;13,6898;33920
VNM;20100907;13,6124;37150
VNM;20100908;13,6124;43550
VNM;20100909;13,6898;21730
VNM;20100910;13,6898;83710
VNM;20100913;13,6898;10820
VNM;20100914;13,6898;36520
VNM;20100915;13,6898;21860
VNM;20100916;13,6898;44870
VNM;20100917;13,7671;39810
VNM;20100920;13,7671;48980
VNM;20100921;13,7671;39230
VNM;20100922;13,7671;23130
VNM;20100923;13,6898;55410
VNM;20100924;13,6124;38170
VNM;20100927;13,6898;33560
VNM;20100928;13,6898;16570
VNM;20100929;13,6898;34830
VNM;20100930;13,6898;21220
VNM;20101001;13,6898;8270
VNM;20101004;13,5351;38230
VNM;20101005;13,4577;19720
VNM;20101006;13,6124;35350
VNM;20101007;13,5351;23270
VNM;20101008;13,6124;16050
VNM;20101011;13,6898;24700
VNM;20101012;13,6898;21200
VNM;20101013;13,6898;28790
VNM;20101014;13,7671;15340
VNM;20101015;13,6898;83480
VNM;20101018;13,6898;15240
VNM;20101019;13,6124;91510
VNM;20101020;13,4577;105630
VNM;20101021;13,5351;48370
VNM;20101022;13,5351;43050
VNM;20101025;13,5351;31540
VNM;20101026;13,5351;33970
VNM;20101027;13,3804;47890
VNM;20101028;13,4577;10870
VNM;20101029;13,4577;48760
VNM;20101101;13,3804;27100
VNM;20101102;13,3804;38740
VNM;20101103;13,3804;50860
VNM;20101104;13,3804;79540
VNM;20101105;13,3804;61840
VNM;20101108;13,303;75230
VNM;20101109;13,2257;65590
VNM;20101110;13,2257;33400
VNM;20101111;13,1484;33700
VNM;20101112;12,9937;54830
VNM;20101115;12,9163;58350
VNM;20101116;12,7616;66320
VNM;20101117;12,9163;45640
VNM;20101118;13,071;29250
VNM;20101119;12,9937;47790
VNM;20101122;12,9937;33400
VNM;20101123;12,9937;15310
VNM;20101124;13,071;10280
VNM;20101125;13,071;7930
VNM;20101126;13,071;12010
VNM;20101129;13,071;22740
VNM;20101130;13,071;31830
VNM;20101201;12,9937;24450
VNM;20101202;13,071;28410
VNM;20101203;13,1484;52800
VNM;20101206;13,071;35070
VNM;20101207;13,071;32490
VNM;20101208;12,9937;30360
VNM;20101209;13,2257;45780
VNM;20101210;13,303;39800
VNM;20101213;13,6124;52730
VNM;20101214;13,4577;39360
VNM;20101215;13,3804;17900
VNM;20101216;13,303;21920
VNM;20101217;13,1484;59800
VNM;20101220;13,2257;28330
VNM;20101221;13,3804;56180
VNM;20101222;13,303;16810
VNM;20101223;13,2257;15090
VNM;20101224;13,1484;27000
VNM;20101227;13,2257;15330
VNM;20101228;13,1484;36050
VNM;20101229;13,303;11030
VNM;20101230;13,303;5290
VNM;20101231;13,303;31120
VNM;20110104;13,2257;26910
VNM;20110105;13,1484;12590
VNM;20110106;13,1484;47110
VNM;20110107;13,1484;13580
VNM;20110110;13,2257;27120
VNM;20110111;13,2257;16560
VNM;20110112;13,2257;11280
VNM;20110113;13,2257;45060
VNM;20110114;13,303;17220
VNM;20110117;13,2257;37620
VNM;20110118;13,2257;22280
VNM;20110119;13,2257;36620
VNM;20110120;13,8444;237610
VNM;20110121;14,4632;332480
VNM;20110124;15,1593;713730
VNM;20110125;14,8499;192590
VNM;20110126;14,3085;232080
VNM;20110127;14,3085;117530
VNM;20110128;14,4632;73970
VNM;20110208;14,4632;95990
VNM;20110209;14,1538;162810
VNM;20110210;14,1538;132900
VNM;20110211;14,3085;35170
VNM;20110214;14,1538;53010
VNM;20110215;14,2312;56040
VNM;20110216;14,2312;46710
VNM;20110217;14,1538;53440
VNM;20110218;13,9218;130160
VNM;20110221;13,4577;183670
VNM;20110222;13,3804;128830
VNM;20110223;13,5351;69450
VNM;20110224;13,4577;181070
VNM;20110225;13,6898;29460
VNM;20110228;13,6898;48160
VNM;20110301;13,6898;33310
VNM;20110302;13,4577;54630
VNM;20110303;13,5351;35200
VNM;20110304;13,6124;45380
VNM;20110307;13,7671;74320
VNM;20110308;14,3859;147330
VNM;20110309;14,2312;100250
VNM;20110310;14,2312;76330
VNM;20110311;14,2312;84430
VNM;20110314;14,0765;74990
VNM;20110315;13,8444;116260
VNM;20110316;13,8444;55610
VNM;20110317;13,8444;71250
VNM;20110318;14,2312;56490
VNM;20110321;14,2312;79290
VNM;20110322;14,3085;127980
VNM;20110323;14,7726;307480
VNM;20110324;14,6179;121380
VNM;20110325;14,6179;109040
VNM;20110328;14,5405;66650
VNM;20110329;14,4632;125060
VNM;20110330;14,3859;71380
VNM;20110331;14,2312;70040
VNM;20110401;14,6179;126620
VNM;20110404;15,1593;404480
VNM;20110405;14,6179;412290
VNM;20110406;14,7726;102230
VNM;20110407;14,7726;61300
VNM;20110408;14,9273;115640
VNM;20110413;14,8499;84540
VNM;20110414;14,6952;50140
VNM;20110415;14,6179;43550
VNM;20110418;14,4632;48910
VNM;20110419;14,4632;29660
VNM;20110420;14,6179;51790
VNM;20110421;14,6952;69590
VNM;20110422;14,6952;36080
VNM;20110425;14,8499;37690
VNM;20110426;15,0819;147250
VNM;20110427;15,778;395560
VNM;20110428;16,2421;392210
VNM;20110429;16,2421;89040
VNM;20110504;16,7061;215760
VNM;20110505;16,5515;135900
VNM;20110506;16,5515;222710
VNM;20110509;16,7061;128850
VNM;20110510;16,8608;64080
VNM;20110511;17,6343;207690
VNM;20110512;17,6343;88210
VNM;20110513;17,3249;90260
VNM;20110516;17,0155;125680
VNM;20110517;17,4796;171320
VNM;20110518;17,6343;144330
VNM;20110519;17,4796;104890
VNM;20110520;16,7061;334050
VNM;20110523;15,9327;377510
VNM;20110524;15,1593;394970
VNM;20110525;14,4632;304800
VNM;20110526;15,1593;269540
VNM;20110527;15,778;102480
VNM;20110530;15,1593;89320
VNM;20110531;15,778;78660
VNM;20110601;16,2421;135660
VNM;20110602;16,2421;141980
VNM;20110603;15,778;108310
VNM;20110606;15,314;100820
VNM;20110607;15,9327;191290
VNM;20110608;16,0874;62420
VNM;20110609;16,0874;49090
VNM;20110610;16,0874;95480
VNM;20110613;16,2421;205940
VNM;20110614;16,3968;117440
VNM;20110615;16,2421;95850
VNM;20110616;16,2421;18610
VNM;20110617;16,3968;31690
VNM;20110620;16,3968;59140
VNM;20110621;17,1702;187080
VNM;20110622;17,1702;234510
VNM;20110623;17,0155;66850
VNM;20110624;17,0155;99330
VNM;20110627;17,4796;268890
VNM;20110628;17,0155;78210
VNM;20110629;17,0155;82490
VNM;20110630;16,8608;44530
VNM;20110701;17,0155;30150
VNM;20110704;17,4796;52080
VNM;20110705;17,789;85730
VNM;20110706;17,789;38950
VNM;20110707;17,789;37050
VNM;20110708;17,789;17190
VNM;20110711;17,6343;15590
VNM;20110712;17,6343;37450
VNM;20110713;17,4796;30440
VNM;20110714;17,3249;34560
VNM;20110715;17,4796;27510
VNM;20110718;17,4796;21420
VNM;20110719;17,4796;28770
VNM;20110720;17,4796;29440
VNM;20110721;17,6343;15450
VNM;20110722;17,6343;3970
VNM;20110725;17,789;23370
VNM;20110726;17,789;32750
VNM;20110727;17,6343;42070
VNM;20110728;17,6343;73650
VNM;20110729;17,789;18760
VNM;20110801;17,6343;21910
VNM;20110802;17,6343;35470
VNM;20110803;17,6343;50780
VNM;20110804;17,6343;41060
VNM;20110805;17,789;17830
VNM;20110808;17,6343;16470
VNM;20110809;17,4796;110330
VNM;20110810;17,789;26260
VNM;20110811;17,789;29230
VNM;20110812;17,789;48290
VNM;20110815;17,789;29920
VNM;20110816;17,9436;26720
VNM;20110817;18,0983;14410
VNM;20110818;18,0983;44210
VNM;20110819;18,0983;14390
VNM;20110822;18,0983;38740
VNM;20110823;18,253;17350
VNM;20110824;18,4077;24840
VNM;20110825;18,4077;13780
VNM;20110826;18,5624;10570
VNM;20110829;18,8718;29470
VNM;20110830;19,4905;27280
VNM;20110831;19,4905;33460
VNM;20110901;19,7999;52200
VNM;20110905;19,6452;36040
VNM;20110906;19,7999;34500
VNM;20110907;20,1093;49590
VNM;20110908;20,2639;22370
VNM;20110909;20,2639;13860
VNM;20110912;20,5733;36180
VNM;20110913;20,5725;29770
VNM;20110914;19,9444;71230
VNM;20110915;19,7873;38280
VNM;20110916;19,7873;9340
VNM;20110919;19,9444;16810
VNM;20110920;20,1014;11080
VNM;20110921;20,4155;18650
VNM;20110922;20,2584;27750
VNM;20110923;20,2584;25360
VNM;20110926;19,9444;16220
VNM;20110927;19,9444;31660
VNM;20110928;20,1014;26870
VNM;20110929;19,7873;20480
VNM;20110930;19,6303;84360
VNM;20111003;19,7873;39150
VNM;20111004;19,6303;11840
VNM;20111005;19,7873;4760
VNM;20111006;20,1014;42090
VNM;20111007;20,4155;63870
VNM;20111010;20,2584;23710
VNM;20111011;20,1014;28970
VNM;20111012;19,9444;30310
VNM;20111013;19,9444;5220
VNM;20111014;20,1014;8620
VNM;20111017;19,9444;12340
VNM;20111018;19,9444;11450
VNM;20111019;19,7873;9190
VNM;20111020;19,9444;17960
VNM;20111021;20,1014;13840
VNM;20111024;19,9444;16980
VNM;20111025;19,9444;17430
VNM;20111026;19,7873;17120
VNM;20111027;19,9444;8320
VNM;20111028;20,1014;36340
VNM;20111031;19,9444;23610
VNM;20111101;19,9444;13390
VNM;20111102;20,8866;77830
VNM;20111103;21,2007;27160
VNM;20111104;21,9859;89310
VNM;20111107;22,6141;64240
VNM;20111108;22,6141;39610
VNM;20111109;22,3;49630
VNM;20111110;21,6718;65310
VNM;20111111;21,6718;39150
VNM;20111114;21,9859;29330
VNM;20111115;21,8289;37950
VNM;20111116;21,8289;24020
VNM;20111117;21,3577;67630
VNM;20111118;21,3577;44820
VNM;20111121;22,3;110960
VNM;20111122;22,3;14750
VNM;20111123;22,3;18580
VNM;20111124;21,6718;42920
VNM;20111125;21,5148;137680
VNM;20111128;21,3577;144480
VNM;20111129;21,7885;97420
VNM;20111130;21,553;62840
VNM;20111201;21,553;53290
VNM;20111202;21,553;25460
VNM;20111205;21,6707;29060
VNM;20111206;21,6707;51160
VNM;20111207;21,6707;28330
VNM;20111208;21,6707;31310
VNM;20111209;21,6707;39340
VNM;20111212;21,553;63750
VNM;20111213;21,1996;61730
VNM;20111214;21,0819;38580
VNM;20111215;21,1996;51420
VNM;20111216;21,3174;15010
VNM;20111219;21,553;24600
VNM;20111220;21,6707;46580
VNM;20111221;21,6707;27170
VNM;20111222;21,3174;41350
VNM;20111223;21,0819;24780
VNM;20111226;20,9641;37980
VNM;20111227;20,9641;28240
VNM;20111228;21,0819;25500
VNM;20111229;20,9641;18900
VNM;20111230;20,3752;123160
VNM;20120103;19,9041;122220
VNM;20120104;19,433;113820
VNM;20120105;18,7263;157620
VNM;20120106;18,9619;81310
VNM;20120109;19,0797;28260
VNM;20120110;19,0797;33380
VNM;20120111;19,0797;34870
VNM;20120112;19,0797;24450
VNM;20120113;19,3152;47950
VNM;20120116;19,9041;86260
VNM;20120117;20,0219;83290
VNM;20120118;19,9041;51380
VNM;20120119;20,0219;71610
VNM;20120120;19,9041;69000
VNM;20120130;20,0219;36330
VNM;20120131;20,2574;65290
VNM;20120201;20,3752;76400
VNM;20120202;20,7285;84150
VNM;20120203;20,6108;93970
VNM;20120206;20,493;41690
VNM;20120207;20,493;52570
VNM;20120208;20,6108;38740
VNM;20120209;20,8463;88490
VNM;20120210;20,6108;58100
VNM;20120213;20,493;44190
VNM;20120214;20,6108;102980
VNM;20120215;20,7285;53070
VNM;20120216;20,8463;51650
VNM;20120217;21,4352;187050
VNM;20120220;21,6707;147320
VNM;20120221;21,553;125680
VNM;20120222;21,553;33410
VNM;20120223;21,6707;125140
VNM;20120224;21,553;74330
VNM;20120227;21,553;39620
VNM;20120228;21,4352;78200
VNM;20120229;21,4352;49630
VNM;20120301;21,3174;65630
VNM;20120302;21,4352;66390
VNM;20120305;22,4952;286510
VNM;20120306;21,7885;123860
VNM;20120307;22,0241;99820
VNM;20120308;21,553;69380
VNM;20120309;21,4352;99620
VNM;20120312;21,553;41330
VNM;20120313;21,553;47600
VNM;20120314;21,553;127380
VNM;20120315;21,7885;47290
VNM;20120316;21,553;44730
VNM;20120319;21,553;31000
VNM;20120320;21,553;48840
VNM;20120321;21,553;74890
VNM;20120322;21,553;65490
VNM;20120323;22,6129;268540
VNM;20120326;22,2596;112890
VNM;20120327;21,7885;124680
VNM;20120328;22,0241;75600
VNM;20120329;21,7885;120740
VNM;20120330;21,6707;65720
VNM;20120403;21,9063;53400
VNM;20120404;21,9063;25930
VNM;20120405;21,9063;69230
VNM;20120406;22,2673;68510
VNM;20120409;22,1469;37260
VNM;20120410;22,0265;56370
VNM;20120411;22,0265;106860
VNM;20120412;22,0265;112730
VNM;20120413;21,9062;57860
VNM;20120416;21,9062;76040
VNM;20120417;21,9062;55700
VNM;20120418;21,9062;63330
VNM;20120419;21,6654;46850
VNM;20120420;21,6654;35510
VNM;20120423;21,6654;38710
VNM;20120424;21,6654;37120
VNM;20120425;21,6654;63730
VNM;20120426;21,9062;101530
VNM;20120427;21,7858;54240
VNM;20120502;21,7858;41370
VNM;20120503;21,6654;64330
VNM;20120504;21,6654;59720
VNM;20120507;21,6654;69910
VNM;20120508;21,6654;69000
VNM;20120509;21,7858;43560
VNM;20120510;21,6654;45530
VNM;20120511;21,6654;50830
VNM;20120514;21,5451;84350
VNM;20120515;21,4247;67260
VNM;20120516;21,184;57190
VNM;20120517;21,184;27270
VNM;20120518;21,0636;58560
VNM;20120521;21,4247;14130
VNM;20120522;21,184;15730
VNM;20120523;21,0636;40110
VNM;20120524;20,8229;61880
VNM;20120525;21,0636;82940
VNM;20120528;20,9433;14950
VNM;20120529;21,0636;15600
VNM;20120530;21,0636;12400
VNM;20120531;20,8229;42150
VNM;20120601;20,9433;26750
VNM;20120604;20,7025;12990
VNM;20120605;20,8229;19660
VNM;20120606;20,7025;32320
VNM;20120607;20,7025;39360
VNM;20120608;20,5822;33020
VNM;20120611;20,7025;16730
VNM;20120612;20,7025;45850
VNM;20120613;20,7025;21900
VNM;20120614;20,8229;42350
VNM;20120615;21,3044;114830
VNM;20120618;21,184;40020
VNM;20120619;21,184;36490
VNM;20120620;21,0636;25970
VNM;20120621;20,8229;27850
VNM;20120622;20,8229;15670
VNM;20120625;20,8229;30180
VNM;20120626;20,7025;42190
VNM;20120627;20,7025;16660
VNM;20120628;20,7025;27000
VNM;20120629;21,184;39480
VNM;20120702;21,0636;29330
VNM;20120703;20,9433;20830
VNM;20120704;20,9433;23450
VNM;20120705;20,9433;36390
VNM;20120706;20,8229;29930
VNM;20120709;20,5822;49080
VNM;20120710;20,5822;46570
VNM;20120711;20,7025;18160
VNM;20120712;20,8229;23980
VNM;20120713;21,0636;62810
VNM;20120716;20,8229;45300
VNM;20120717;20,8229;18490
VNM;20120718;21,0636;29510
VNM;20120719;21,0636;30960
VNM;20120720;21,0636;41430
VNM;20120723;20,9433;35950
VNM;20120724;20,9433;41530
VNM;20120725;20,9433;33280
VNM;20120726;20,9433;80360
VNM;20120727;20,9433;29400
VNM;20120730;21,4247;198350
VNM;20120731;21,5451;55330
VNM;20120801;21,4247;13990
VNM;20120802;22,3876;122880
VNM;20120803;23,4709;108780
VNM;20120806;24,5542;476860
VNM;20120807;24,7949;178470
VNM;20120808;24,5542;126630
VNM;20120809;25,2764;118430
VNM;20120810;25,0356;110100
VNM;20120813;25,5171;95640
VNM;20120814;26,7207;305460
VNM;20120815;27,6836;134530
VNM;20120816;27,2022;124080
VNM;20120817;26,7207;101660
VNM;20120820;26,9614;145160
VNM;20120821;25,737;256230
VNM;20120822;26,2273;169320
VNM;20120823;25,0017;216030
VNM;20120824;25,4919;304170
VNM;20120827;25,0017;151750
VNM;20120828;25,2468;83740
VNM;20120829;25,4919;114520
VNM;20120830;25,2468;87440
VNM;20120831;25,737;82000
VNM;20120904;26,2273;92220
VNM;20120905;26,2273;64770
VNM;20120906;25,737;84040
VNM;20120907;25,9822;46090
VNM;20120910;25,4919;72560
VNM;20120911;25,737;29820
VNM;20120912;25,9822;32540
VNM;20120913;25,9822;39500
VNM;20120914;26,9626;226460
VNM;20120917;27,2077;118120
VNM;20120918;26,4724;134570
VNM;20120919;26,9626;116200
VNM;20120920;26,9626;142350
VNM;20120921;27,2077;134960
VNM;20120924;26,9626;52630
VNM;20120925;27,698;134760
VNM;20120926;28,4333;276090
VNM;20120927;28,9235;183340
VNM;20120928;28,6784;195100
VNM;20121001;28,4333;196700
VNM;20121002;27,9431;152200
VNM;20121003;28,1882;87060
VNM;20121004;28,1882;67390
VNM;20121005;28,1882;70040
VNM;20121008;28,9235;182160
VNM;20121009;28,9235;152500
VNM;20121010;28,9235;38920
VNM;20121011;28,9235;91520
VNM;20121012;28,9235;66930
VNM;20121015;30,1491;275440
VNM;20121016;31,3747;135400
VNM;20121017;31,1296;122380
VNM;20121018;31,8649;162300
VNM;20121019;32,6003;256170
VNM;20121022;33,3356;217150
VNM;20121023;33,3356;152970
VNM;20121024;32,6003;159880
VNM;20121025;31,1296;504420
VNM;20121026;31,6198;116860
VNM;20121029;31,3747;85000
VNM;20121030;31,1296;92140
VNM;20121031;30,6393;205220
VNM;20121101;31,1296;100580
VNM;20121102;29,6589;278080
VNM;20121105;30,8845;118260
VNM;20121106;31,1296;107980
VNM;20121107;31,1296;56950
VNM;20121108;30,6393;74470
VNM;20121109;30,8845;44090
VNM;20121112;31,1296;49590
VNM;20121113;30,8845;85010
VNM;20121114;32,3551;271050
VNM;20121115;32,3551;163380
VNM;20121116;31,8649;67040
VNM;20121119;31,6198;75120
VNM;20121120;31,8649;122810
VNM;20121121;31,8649;104280
VNM;20121122;31,8649;67600
VNM;20121123;31,8649;133190
VNM;20121126;31,3747;87520
VNM;20121127;31,6198;53840
VNM;20121128;31,3747;46200
VNM;20121129;31,6198;63950
VNM;20121130;31,6198;48300
VNM;20121203;31,6198;30000
VNM;20121204;31,8649;40200
VNM;20121205;32,11;81900
VNM;20121206;31,8649;65680
VNM;20121207;31,8649;48390
VNM;20121210;31,8649;82630
VNM;20121211;31,3747;97810
VNM;20121212;31,1296;168940
VNM;20121213;31,1296;110640
VNM;20121214;31,3747;81460
VNM;20121217;30,6393;163990
VNM;20121218;30,3942;254070
VNM;20121219;31,0667;432340
VNM;20121220;30,8829;124180
VNM;20121221;30,5153;109770
VNM;20121224;30,6991;91700
VNM;20121225;31,2506;124470
VNM;20121226;32,3535;212250
VNM;20121227;32,3535;188780
VNM;20121228;32,3535;99400
VNM;20130102;31,9859;199930
VNM;20130103;31,802;146370
VNM;20130104;32,3535;147250
VNM;20130107;32,3535;135530
VNM;20130108;33,8241;629670
VNM;20130109;35,1109;455050
VNM;20130110;36,7654;593410
VNM;20130111;37,8683;362160
VNM;20130114;36,5815;371220
VNM;20130115;36,7654;192400
VNM;20130116;36,5815;215810
VNM;20130117;36,0301;291160
VNM;20130118;35,8462;206860
VNM;20130121;35,4786;75950
VNM;20130122;35,4786;246990
VNM;20130123;36,0301;250560
VNM;20130124;36,3977;160380
VNM;20130125;36,5815;430810
VNM;20130128;38,6036;657030
VNM;20130129;38,236;273610
VNM;20130130;37,8683;245500
VNM;20130131;37,133;169570
VNM;20130201;37,5007;277990
VNM;20130204;37,133;117260
VNM;20130205;36,5815;432970
VNM;20130206;37,8683;187250
VNM;20130207;37,5007;105610
VNM;20130208;37,5007;78380
VNM;20130218;37,5007;125690
VNM;20130219;37,133;185290
VNM;20130220;38,236;466760
VNM;20130221;37,133;236050
VNM;20130222;37,5007;348530
VNM;20130225;37,8683;167680
VNM;20130226;37,133;193660
VNM;20130227;37,5007;129120
VNM;20130228;37,8683;161170
VNM;20130301;37,8683;91290
VNM;20130304;37,5007;138270
VNM;20130305;37,8683;207890
VNM;20130306;38,6036;266470
VNM;20130307;38,6036;135160
VNM;20130308;38,236;96980
VNM;20130311;38,6036;120190
VNM;20130312;38,236;113410
VNM;20130313;38,236;136290
VNM;20130314;38,236;53170
VNM;20130315;38,236;75460
VNM;20130318;38,6036;383160
VNM;20130319;38,6036;79440
VNM;20130320;39,3389;163400
VNM;20130321;40,8096;697470
VNM;20130322;41,5449;509210
VNM;20130325;42,2802;275760
VNM;20130326;41,5449;265980
VNM;20130327;41,5449;216610
VNM;20130328;42,2802;142890
VNM;20130329;42,6478;395970
VNM;20130401;44,8537;499290
VNM;20130402;44,8537;403390
VNM;20130403;45,2214;350420
VNM;20130404;44,1184;443960
VNM;20130405;45,2214;175850
VNM;20130408;45,9567;173740
VNM;20130409;47,4273;299320
VNM;20130410;46,3244;454070
VNM;20130411;47,0597;526180
VNM;20130412;45,9567;362540
VNM;20130415;44,1184;575370
VNM;20130416;44,4861;579830
VNM;20130417;45,5891;183330
VNM;20130418;45,2214;198330
VNM;20130422;44,8537;169190
VNM;20130423;45,9567;248200
VNM;20130424;45,9567;64650
VNM;20130425;46,3244;103840
VNM;20130426;45,5891;298840
VNM;20130502;44,8537;177790
VNM;20130503;45,2214;91300
VNM;20130506;45,9567;175190
VNM;20130507;45,5891;156630
VNM;20130508;45,5891;47030
VNM;20130509;45,5891;66390
VNM;20130510;45,5891;189470
VNM;20130513;45,5891;51040
VNM;20130514;45,5891;174290
VNM;20130515;45,5891;125890
VNM;20130516;45,9567;154240
VNM;20130517;45,9567;170120
VNM;20130520;46,3244;212390
VNM;20130521;47,0597;599420
VNM;20130522;47,795;185010
VNM;20130523;47,795;271020
VNM;20130524;48,1626;381910
VNM;20130527;49,2656;446120
VNM;20130528;49,6332;183380
VNM;20130529;48,8979;231110
VNM;20130530;49,2656;185110
VNM;20130531;49,2656;264490
VNM;20130603;48,8979;129090
VNM;20130604;48,5303;189940
VNM;20130605;49,2656;199230
VNM;20130606;49,6332;188880
VNM;20130607;50,0009;146880
VNM;20130610;50,7362;290650
VNM;20130611;51,4715;164490
VNM;20130612;51,1039;108800
VNM;20130613;50,7362;257630
VNM;20130614;51,032;76880
VNM;20130617;49,1695;390940
VNM;20130618;49,542;120890
VNM;20130619;50,287;130700
VNM;20130620;49,9145;112610
VNM;20130621;49,9145;123320
VNM;20130624;49,9145;154040
VNM;20130625;48,4245;419640
VNM;20130626;48,4245;226880
VNM;20130627;49,1695;205810
VNM;20130628;49,1695;100240
VNM;20130701;48,797;113300
VNM;20130702;50,287;346060
VNM;20130703;49,9145;149530
VNM;20130704;49,9145;97200
VNM;20130705;49,9145;72890
VNM;20130708;49,9145;130740
VNM;20130709;50,6595;189580
VNM;20130710;50,6595;161190
VNM;20130711;50,6595;112390
VNM;20130712;51,032;153350
VNM;20130715;51,032;122900
VNM;20130716;51,777;506730
VNM;20130717;52,1495;245830
VNM;20130718;52,1495;201870
VNM;20130719;53,6394;422230
VNM;20130722;54,0119;209600
VNM;20130723;54,0119;382650
VNM;20130724;52,8944;386880
VNM;20130725;53,2669;230340
VNM;20130726;53,6394;162950
VNM;20130729;52,522;253290
VNM;20130730;52,8944;241950
VNM;20130731;54,0119;247770
VNM;20130801;54,0119;183380
VNM;20130802;54,3844;174920
VNM;20130805;53,6394;371780
VNM;20130806;54,3844;291030
VNM;20130807;54,0119;292010
VNM;20130808;54,0119;151820
VNM;20130809;54,0119;159070
VNM;20130812;54,0119;116260
VNM;20130813;54,7569;213280
VNM;20130814;55,5019;206100
VNM;20130815;56,2469;258740
VNM;20130816;55,8744;395060
VNM;20130819;55,8744;587140
VNM;20130820;55,1175;600930
VNM;20130821;55,1175;232120
VNM;20130822;53,9849;479780
VNM;20130823;51,3423;1332760
VNM;20130826;52,8524;799920
VNM;20130827;52,4749;375240
VNM;20130828;50,2098;704560
VNM;20130829;49,8323;686640
VNM;20130830;49,0772;989560
VNM;20130903;50,2098;240850
VNM;20130904;51,3423;559630
VNM;20130905;52,4749;606010
VNM;20130906;52,4749;622950
VNM;20130909;51,3423;213380
VNM;20130910;52,0974;98300
VNM;20130911;52,0974;145120
VNM;20130912;51,7198;67390
VNM;20130913;52,0974;57390
VNM;20130916;51,7198;62070
VNM;20130917;51,7198;82100
VNM;20130918;51,3423;73620
VNM;20130919;51,7198;58080
VNM;20130920;52,0974;35340
VNM;20130923;51,7198;128710
VNM;20130924;52,0974;61330
VNM;20130925;52,8524;257540
VNM;20130926;52,4749;91970
VNM;20130927;52,8524;57260
VNM;20130930;53,2299;92160
VNM;20131001;52,4749;124630
VNM;20131002;52,8524;98350
VNM;20131003;52,4749;61720
VNM;20131004;52,8524;88360
VNM;20131007;52,8524;153310
VNM;20131008;52,8524;156730
VNM;20131009;53,6074;334620
VNM;20131010;52,8524;129610
VNM;20131011;52,8524;160730
VNM;20131014;53,2299;91900
VNM;20131015;53,6074;100290
VNM;20131016;53,6074;110980
VNM;20131017;53,2299;125820
VNM;20131018;53,6074;139400
VNM;20131021;53,6074;83200
VNM;20131022;53,2299;91480
VNM;20131023;53,2299;35240
VNM;20131024;53,6074;428810
VNM;20131025;53,6074;107840
VNM;20131028;53,2299;55650
VNM;20131029;53,2299;272690
VNM;20131030;53,2299;43600
VNM;20131031;52,8524;78480
VNM;20131101;52,8524;68120
VNM;20131104;52,8524;70800
VNM;20131105;53,2299;50920
VNM;20131106;53,2299;181420
VNM;20131107;52,8524;143750
VNM;20131108;52,4749;150620
VNM;20131111;52,4749;72900
VNM;20131112;52,4749;104860
VNM;20131113;52,4749;60090
VNM;20131114;52,4749;90640
VNM;20131115;53,2299;328520
VNM;20131118;53,6074;118030
VNM;20131119;53,6074;117700
VNM;20131120;53,2299;82750
VNM;20131121;53,2299;189120
VNM;20131122;53,2299;107010
VNM;20131125;53,2299;84960
VNM;20131126;54,3625;796250
VNM;20131127;54,3625;225960
VNM;20131128;53,6074;268280
VNM;20131129;53,6074;295470
VNM;20131202;53,2299;167110
VNM;20131203;53,6074;238710
VNM;20131204;53,2299;164430
VNM;20131205;53,6074;186610
VNM;20131206;53,2299;39840
VNM;20131209;52,4749;307050
VNM;20131210;52,8524;117220
VNM;20131211;53,2299;184110
VNM;20131212;52,8524;65110
VNM;20131213;52,8524;58920
VNM;20131216;52,7757;44500
VNM;20131217;52,7757;81460
VNM;20131218;52,396;125480
VNM;20131219;52,7757;73390
VNM;20131220;52,7757;75570
VNM;20131223;52,396;82920
VNM;20131224;52,0163;102300
VNM;20131225;51,6367;241460
VNM;20131226;51,257;209560
VNM;20131227;51,6367;70280
VNM;20131230;51,257;137570
VNM;20131231;51,257;196990
VNM;20140102;51,257;32520
VNM;20140103;51,6367;30700
VNM;20140106;51,6367;77090
VNM;20140107;51,257;105870
VNM;20140108;51,6367;38900
VNM;20140109;51,6367;31100
VNM;20140110;52,396;202890
VNM;20140113;52,0163;61380
VNM;20140114;52,0163;92090
VNM;20140115;52,396;114260
VNM;20140116;52,0163;74730
VNM;20140117;52,7757;540090
VNM;20140120;53,9147;517140
VNM;20140121;53,5351;99710
VNM;20140122;53,1554;318980
VNM;20140123;53,5351;107370
VNM;20140124;53,9147;261110
VNM;20140127;53,5351;112900
VNM;20140206;53,1554;177090
VNM;20140207;53,1554;241230
VNM;20140210;53,1554;206320
VNM;20140211;52,7757;263880
VNM;20140212;53,1554;87930
VNM;20140213;52,7757;146350
VNM;20140214;53,1554;303460
VNM;20140217;53,1554;151080
VNM;20140218;53,1554;223130
VNM;20140219;52,7757;226230
VNM;20140220;52,396;340300
VNM;20140221;52,396;242430
VNM;20140224;52,7757;172070
VNM;20140225;52,7757;301230
VNM;20140226;52,7757;138990
VNM;20140227;53,9147;1220670
VNM;20140228;53,5351;192120
VNM;20140303;53,5351;160300
VNM;20140304;52,7757;201430
VNM;20140305;52,7757;117520
VNM;20140306;52,7757;265540
VNM;20140307;52,7757;112590
VNM;20140310;53,1554;197440
VNM;20140311;53,1554;318340
VNM;20140312;53,5351;745520
VNM;20140313;55,4335;1007020
VNM;20140314;56,9522;797290
VNM;20140317;56,1928;396390
VNM;20140318;55,8131;441500
VNM;20140319;55,4335;348960
VNM;20140320;54,2944;441220
VNM;20140321;54,6741;243070
VNM;20140324;54,2944;446980
VNM;20140325;53,9147;328350
VNM;20140326;53,1554;495510
VNM;20140327;53,1554;273480
VNM;20140328;53,5351;208560
VNM;20140331;53,5351;175880
VNM;20140401;53,5351;181570
VNM;20140402;53,5351;209510
VNM;20140403;54,6741;277300
VNM;20140404;55,0538;359580
VNM;20140407;56,1928;761320
VNM;20140408;55,8131;284200
VNM;20140410;54,6741;415430
VNM;20140411;54,2944;200970
VNM;20140414;53,9147;376180
VNM;20140415;53,5351;343490
VNM;20140416;53,5351;267480
VNM;20140417;53,5351;197770
VNM;20140418;53,1554;252270
VNM;20140421;52,7757;254000
VNM;20140422;53,1554;160270
VNM;20140423;52,7757;73720
VNM;20140424;52,7757;148570
VNM;20140425;53,5351;162140
VNM;20140428;52,7757;157990
VNM;20140429;52,7757;80990
VNM;20140505;52,0163;264620
VNM;20140506;50,4976;271300
VNM;20140507;50,8773;96260
VNM;20140508;47,4602;866350
VNM;20140509;49,3586;255360
VNM;20140512;47,0805;444150
VNM;20140513;46,6932;235060
VNM;20140514;47,8509;283680
VNM;20140515;46,3073;303320
VNM;20140516;46,6932;220610
VNM;20140519;47,0791;165780
VNM;20140520;47,465;141870
VNM;20140521;48,2368;117900
VNM;20140522;48,6227;205250
VNM;20140523;48,2368;76260
VNM;20140526;47,465;106630
VNM;20140527;47,8509;155960
VNM;20140528;47,465;109830
VNM;20140529;47,465;77340
VNM;20140530;47,465;138880
VNM;20140602;47,8509;145600
VNM;20140603;47,8509;67150
VNM;20140604;47,8509;182950
VNM;20140605;47,8509;85820
VNM;20140606;47,8509;31640
VNM;20140609;47,8509;167320
VNM;20140610;47,0791;159700
VNM;20140611;47,0791;197300
VNM;20140612;47,465;105560
VNM;20140613;47,0791;140310
VNM;20140616;47,0791;49920
VNM;20140617;47,0791;174680
VNM;20140618;47,0791;97760
VNM;20140619;46,6932;95070
VNM;20140620;46,6932;82380
VNM;20140623;46,6932;53690
VNM;20140624;46,6932;56020
VNM;20140625;47,0791;92390
VNM;20140626;47,465;80110
VNM;20140627;47,0791;69240
VNM;20140630;47,0791;62820
VNM;20140701;47,0791;96620
VNM;20140702;48,2368;266720
VNM;20140703;49,0086;175410
VNM;20140704;50,1662;468050
VNM;20140707;49,7803;172450
VNM;20140708;49,7803;159400
VNM;20140709;49,3945;115540
VNM;20140710;49,0086;170560
VNM;20140711;49,0086;61470
VNM;20140714;49,3945;103120
VNM;20140715;49,7803;111170
VNM;20140716;49,7803;183090
VNM;20140717;49,7803;77000
VNM;20140718;51,3239;461270
VNM;20140721;53,6393;703510
VNM;20140722;52,8675;160470
VNM;20140723;52,4816;262350
VNM;20140724;52,8675;135470
VNM;20140725;52,4816;153460
VNM;20140728;52,0957;224320
VNM;20140729;52,4816;119310
VNM;20140730;52,0957;110970
VNM;20140731;52,4816;88370
VNM;20140801;52,0957;130160
VNM;20140804;52,8675;104770
VNM;20140805;52,8675;100530
VNM;20140806;53,2534;60980
VNM;20140807;54,0252;247390
VNM;20140808;54,0252;273930
VNM;20140811;53,2534;255340
VNM;20140812;52,8675;265420
VNM;20140813;53,5703;742340
VNM;20140814;54,5101;444600
VNM;20140815;54,5101;237860
VNM;20140818;54,0402;207280
VNM;20140819;53,5703;244000
VNM;20140820;52,6305;215940
VNM;20140821;53,1004;173720
VNM;20140822;53,1004;236600
VNM;20140825;52,6305;376100
VNM;20140826;52,6305;202450
VNM;20140827;52,6305;89690
VNM;20140828;52,1606;178150
VNM;20140829;52,1606;120030
VNM;20140903;52,6305;172300
VNM;20140904;52,1606;64370
VNM;20140905;52,1606;255710
VNM;20140908;52,1606;219940
VNM;20140909;51,6906;326820
VNM;20140910;51,2207;180560
VNM;20140911;51,2207;82750
VNM;20140912;51,2207;95110
VNM;20140915;50,7508;229470
VNM;20140916;50,7508;81710
VNM;20140917;50,2809;100720
VNM;20140918;50,2809;165280
VNM;20140919;49,811;61020
VNM;20140922;50,7508;138640
VNM;20140923;50,7508;127910
VNM;20140924;49,811;60730
VNM;20140925;49,811;114700
VNM;20140926;49,811;112450
VNM;20140929;49,3411;84300
VNM;20140930;49,3411;217550
VNM;20141001;50,2809;166100
VNM;20141002;50,7508;87900
VNM;20141003;50,2809;195200
VNM;20141006;50,2809;259250
VNM;20141007;49,811;129900
VNM;20141008;51,6906;424990
VNM;20141009;51,6906;212200
VNM;20141010;51,6906;136560
VNM;20141013;51,2207;89590
VNM;20141014;50,7508;106900
VNM;20141015;49,811;201610
VNM;20141016;49,3411;292800
VNM;20141017;50,2809;147420
VNM;20141020;49,811;63930
VNM;20141021;50,2809;172480
VNM;20141022;50,2809;92200
VNM;20141023;50,2809;149160
VNM;20141024;49,811;95410
VNM;20141027;48,8712;131430
VNM;20141028;48,4012;110280
VNM;20141029;48,8712;238380
VNM;20141030;48,8712;49530
VNM;20141031;49,3411;35750
VNM;20141103;49,3411;81050
VNM;20141104;49,3411;134860
VNM;20141105;48,8712;163990
VNM;20141106;48,8712;57790
VNM;20141107;48,8712;90070
VNM;20141110;48,8712;105440
VNM;20141111;48,8712;82660
VNM;20141112;48,8712;64430
VNM;20141113;48,8712;68060
VNM;20141114;48,8712;113180
VNM;20141117;48,8712;87210
VNM;20141118;48,4012;98550
VNM;20141119;47,4614;136680
VNM;20141120;47,4614;78550
VNM;20141121;47,4614;73130
VNM;20141124;46,9915;93240
VNM;20141125;46,9915;91590
VNM;20141126;46,9915;76560
VNM;20141127;46,7565;90390
VNM;20141128;46,5216;111560
VNM;20141201;46,7565;50300
VNM;20141202;46,7565;40720
VNM;20141203;46,9915;29930
VNM;20141204;47,4614;54480
VNM;20141205;46,7565;48030
VNM;20141208;46,7565;46290
VNM;20141209;46,2866;153170
VNM;20141210;46,5216;51450
VNM;20141211;46,5216;27620
VNM;20141212;46,5216;36450
VNM;20141215;46,2866;46150
VNM;20141216;45,8167;92140
VNM;20141217;43,4671;232620
VNM;20141218;44,172;103250
VNM;20141219;44,172;135270
VNM;20141222;43,9371;90260
VNM;20141223;44,8769;245020
VNM;20141224;44,6419;79670
VNM;20141225;44,407;89620
VNM;20141226;44,172;109890
VNM;20141229;44,172;97060
VNM;20141230;44,172;50370
VNM;20141231;44,8769;102210
VNM;20150105;45,1118;70290
VNM;20150106;45,1118;100890
VNM;20150107;46,0517;194130
VNM;20150108;46,2866;70650
VNM;20150109;48,4012;290390
VNM;20150112;46,9915;148470
VNM;20150113;47,9313;84550
VNM;20150114;47,4614;87550
VNM;20150115;46,9915;86090
VNM;20150116;46,9915;33740
VNM;20150119;46,7565;60950
VNM;20150120;46,9915;70940
VNM;20150121;46,9915;80930
VNM;20150122;46,7565;42690
VNM;20150123;46,9915;82550
VNM;20150126;46,7565;115330
VNM;20150127;47,9313;259390
VNM;20150128;47,4614;82050
VNM;20150129;49,3411;402090
VNM;20150130;48,8712;145680
VNM;20150202;48,4012;87980
VNM;20150203;47,4614;172560
VNM;20150204;48,4012;97720
VNM;20150205;48,4012;155580
VNM;20150206;48,4012;49540
VNM;20150209;48,8712;97400
VNM;20150210;48,4012;77410
VNM;20150211;49,3411;185920
VNM;20150212;49,3411;58830
VNM;20150213;49,811;145600
VNM;20150224;50,2809;103010
VNM;20150225;51,2207;175760
VNM;20150226;50,7508;157380
VNM;20150227;50,7508;83040
VNM;20150302;50,2809;103370
VNM;20150303;50,7508;115960
VNM;20150304;51,2207;74470
VNM;20150305;50,7508;91750
VNM;20150306;50,2809;114590
VNM;20150309;50,2809;70350
VNM;20150310;50,7508;144290
VNM;20150311;50,7508;163880
VNM;20150312;51,2207;130340
VNM;20150313;50,7508;163620
VNM;20150316;51,2207;153740
VNM;20150317;51,2207;68270
VNM;20150318;51,2207;86590
VNM;20150319;50,7508;116820
VNM;20150320;50,2809;81770
VNM;20150323;50,2809;111710
VNM;20150324;50,2809;95440
VNM;20150325;50,2809;91770
VNM;20150326;50,2809;97830
VNM;20150327;49,3411;80360
VNM;20150330;49,3411;71360
VNM;20150331;49,811;92160
VNM;20150401;49,3411;151380
VNM;20150402;49,811;97120
VNM;20150403;49,3411;56560
VNM;20150406;48,8712;85560
VNM;20150407;49,811;115100
VNM;20150408;49,811;146070
VNM;20150409;49,811;74090
VNM;20150410;50,7508;232440
VNM;20150413;51,6906;275880
VNM;20150414;51,6906;200810
VNM;20150415;51,2207;128590
VNM;20150416;50,7508;70620
VNM;20150417;50,7508;60780
VNM;20150420;50,7508;131470
VNM;20150421;50,7508;45020
VNM;20150422;50,7508;45490
VNM;20150423;50,7508;48320
VNM;20150424;51,2207;136810
VNM;20150427;50,7508;75170
VNM;20150504;49,811;161370
VNM;20150505;49,811;212020
VNM;20150506;49,811;118270
VNM;20150507;49,811;99090
VNM;20150508;49,811;72340
VNM;20150511;49,811;86210
VNM;20150512;49,3411;59710
VNM;20150513;49,3411;45230
VNM;20150514;49,3411;90950
VNM;20150515;49,3411;98340
VNM;20150518;49,3411;88910
VNM;20150519;49,3411;46220
VNM;20150520;50,2809;183590
VNM;20150521;49,811;70130
VNM;20150522;50,2809;46510
VNM;20150525;49,811;98370
VNM;20150526;49,811;96200
VNM;20150527;49,811;59630
VNM;20150528;49,811;40000
VNM;20150529;49,3411;54090
VNM;20150601;49,811;124300
VNM;20150602;49,811;30810
VNM;20150603;49,811;115560
VNM;20150604;50,2809;89660
VNM;20150605;50,2809;72050
VNM;20150608;50,7508;63350
VNM;20150609;50,2809;64760
VNM;20150610;50,2809;59460
VNM;20150611;50,7508;144380
VNM;20150612;50,7499;86640
VNM;20150615;50,7499;39900
VNM;20150616;50,2711;74940
VNM;20150617;50,2711;101620
VNM;20150618;50,7499;117570
VNM;20150619;51,2286;499620
VNM;20150622;53,6225;736130
VNM;20150623;53,1437;251260
VNM;20150624;52,1862;245100
VNM;20150625;53,1437;258240
VNM;20150626;54,58;1019860
VNM;20150629;54,58;310320
VNM;20150630;54,1013;370020
VNM;20150701;54,58;365250
VNM;20150702;54,58;158820
VNM;20150703;55,0588;138790
VNM;20150706;55,5376;634580
VNM;20150707;56,0164;218990
VNM;20150708;55,0588;271740
VNM;20150709;55,0588;171970
VNM;20150710;55,0588;178760
VNM;20150713;56,0164;336670
VNM;20150714;56,4951;311610
VNM;20150715;56,4951;363400
VNM;20150716;56,0164;272910
VNM;20150717;56,0164;304130
VNM;20150720;55,5376;189980
VNM;20150721;56,0164;107860
VNM;20150722;56,9739;490550
VNM;20150723;58,4102;1141320
VNM;20150724;58,4102;406120
VNM;20150727;58,4102;325470
VNM;20150728;57,9314;341670
VNM;20150729;57,9314;275430
VNM;20150730;56,9739;220450
VNM;20150731;57,4527;403180
VNM;20150803;56,9739;270000
VNM;20150804;56,0164;502300
VNM;20150805;57,11;433800
VNM;20150806;57,7049;492470
VNM;20150807;59,4896;609920
VNM;20150810;63,6539;954290
VNM;20150811;62,4641;438130
VNM;20150812;61,2743;714920
VNM;20150813;62,4641;612320
VNM;20150814;62,4641;471740
VNM;20150817;61,2743;387090
VNM;20150818;61,2743;510930
VNM;20150819;61,8692;387520
VNM;20150820;60,6794;282500
VNM;20150821;60,0845;696170
VNM;20150824;56,2177;1180510
VNM;20150825;57,11;799280
VNM;20150826;59,4896;484130
VNM;20150827;59,1921;254220
VNM;20150828;60,0845;451290
VNM;20150831;59,4896;296400
VNM;20150901;59,1921;296390
VNM;20150903;58,8947;262480
VNM;20150904;58,5973;137720
VNM;20150907;57,7049;338230
VNM;20150908;57,7049;367250
VNM;20150909;58,0024;188690
VNM;20150910;59,1921;273840
VNM;20150911;58,5973;142810
VNM;20150914;58,0024;148920
VNM;20150915;58,0024;290770
VNM;20150916;58,0024;163800
VNM;20150917;58,0024;263860
VNM;20150918;58,5973;224860
VNM;20150921;58,8947;214630
VNM;20150922;60,6794;666280
VNM;20150923;60,0845;388170
VNM;20150924;59,4896;262400
VNM;20150925;60,0845;184590
VNM;20150928;60,6794;365490
VNM;20150929;59,4896;259210
VNM;20150930;59,4896;129690
VNM;20151001;60,0845;201320
VNM;20151002;59,4896;158180
VNM;20151005;61,2743;851310
VNM;20151006;61,2743;378660
VNM;20151007;60,6794;400070
VNM;20151008;60,0845;408300
VNM;20151009;60,0845;319980
VNM;20151012;60,0845;349150
VNM;20151013;60,6794;281090
VNM;20151014;63,059;2049450
VNM;20151015;62,4641;416380
VNM;20151016;63,059;850360
VNM;20151019;66,0335;1296760
VNM;20151020;66,6283;1153180
VNM;20151021;67,2232;725530
VNM;20151022;67,8181;496060
VNM;20151023;68,413;571020
VNM;20151026;67,2232;766000
VNM;20151027;67,8181;393940
VNM;20151028;67,8181;366330
VNM;20151029;70,7926;1151780
VNM;20151030;70,1977;592790
VNM;20151102;69,6028;715500
VNM;20151103;73,1722;2358440
VNM;20151104;73,1722;444780
VNM;20151105;76,1467;922470
VNM;20151106;76,7416;1660510
VNM;20151109;75,5518;733490
VNM;20151110;76,1467;649930
VNM;20151111;77,3365;833270
VNM;20151112;78,5263;546030
VNM;20151113;81,5007;988430
VNM;20151116;83,2854;924150
VNM;20151117;79,7161;1871240
VNM;20151118;78,5263;1392690
VNM;20151119;77,3365;966290
VNM;20151120;77,9314;708850
VNM;20151123;75,5518;1692040
VNM;20151124;73,1722;2567070
VNM;20151125;74,362;951140
VNM;20151126;73,1722;244790
VNM;20151127;73,7671;1118240
VNM;20151130;73,7671;840700
VNM;20151201;72,5773;1100600
VNM;20151202;73,1722;411960
VNM;20151203;73,1722;383750
VNM;20151204;73,1722;253990
VNM;20151207;71,3875;354390
VNM;20151208;74,362;867200
VNM;20151209;73,1722;470630
VNM;20151210;73,1722;252320
VNM;20151211;73,1722;321070
VNM;20151214;73,7671;237100
VNM;20151215;74,9569;710870
VNM;20151216;76,1467;662390
VNM;20151217;76,1467;317610
VNM;20151218;76,1467;315940
VNM;20151221;74,362;513240
VNM;20151222;74,362;434910
VNM;20151223;73,7671;293550
VNM;20151224;74,362;316110
VNM;20151225;73,7671;315630
VNM;20151228;75,5518;821730
VNM;20151229;75,5518;399590
VNM;20151230;75,5518;309040
VNM;20151231;76,1467;688500
VNM;20160104;74,9569;469320
VNM;20160105;74,362;285680
VNM;20160106;74,9569;250760
VNM;20160107;73,7671;731010
VNM;20160108;72,5773;615950
VNM;20160111;71,9824;407320
VNM;20160112;73,1722;288070
VNM;20160113;71,9824;232630
VNM;20160114;71,9824;338870
VNM;20160115;71,3875;495560
VNM;20160118;69,6028;1244120
VNM;20160119;70,7926;375380
VNM;20160120;69,6028;313330
VNM;20160121;69,0079;333300
VNM;20160122;67,8181;716530
VNM;20160125;70,1977;325040
VNM;20160126;68,413;289980
VNM;20160127;69,6028;276700
VNM;20160128;69,0079;249720
VNM;20160129;69,0079;178270
VNM;20160201;70,7926;865310
VNM;20160202;70,7926;251520
VNM;20160203;71,9824;269870
VNM;20160204;72,5773;257320
VNM;20160205;73,7671;204410
VNM;20160215;74,9569;473520
VNM;20160216;76,1467;622180
VNM;20160217;77,3365;2003290
VNM;20160218;76,7416;833000
VNM;20160219;76,7416;373060
VNM;20160222;77,3365;763080
VNM;20160223;77,3365;873310
VNM;20160224;77,9314;489650
VNM;20160225;76,7416;780490
VNM;20160226;77,3365;538020
VNM;20160229;76,1467;476190
VNM;20160301;77,3365;673510
VNM;20160302;78,5263;817420
VNM;20160303;77,9314;430930
VNM;20160304;78,5263;309870
VNM;20160307;77,9314;598820
VNM;20160308;77,9314;395200
VNM;20160309;77,9314;164840
VNM;20160310;77,9314;494890
VNM;20160311;80,9059;2205510
VNM;20160314;80,311;440820
VNM;20160315;80,9059;870660
VNM;20160316;81,5007;376070
VNM;20160317;82,0956;739970
VNM;20160318;82,0956;335290
VNM;20160321;80,311;539910
VNM;20160322;79,1212;1036240
VNM;20160323;79,7161;389980
VNM;20160324;80,311;568030
VNM;20160325;79,7161;597170
VNM;20160328;80,311;177060
VNM;20160329;79,7161;364550
VNM;20160330;80,9059;645090
VNM;20160331;79,7161;499710
VNM;20160401;79,7161;786790
VNM;20160404;79,7161;260660
VNM;20160405;81,5007;590930
VNM;20160406;81,5007;325000
VNM;20160407;83,8803;2120080
VNM;20160408;85,0701;1047870
VNM;20160411;85,0701;815800
VNM;20160412;85,0701;686480
VNM;20160413;84,4752;681500
VNM;20160414;84,4752;671070
VNM;20160415;85,0701;624610
VNM;20160419;82,6905;1117610
VNM;20160420;80,9059;1698460
VNM;20160421;81,5007;748780
VNM;20160422;83,2854;938560
VNM;20160425;82,6905;886480
VNM;20160426;83,2854;604360
VNM;20160427;82,0956;557430
VNM;20160428;82,0956;483970
VNM;20160429;82,6905;465510
VNM;20160504;84,4752;833130
VNM;20160505;84,4752;615970
VNM;20160506;84,4752;599150
VNM;20160509;85,665;1908180
VNM;20160510;85,0701;357200
VNM;20160511;86,8548;444790
VNM;20160512;86,2599;402470
VNM;20160513;85,665;329960
VNM;20160516;86,8548;656960
VNM;20160517;87,4497;1078900
VNM;20160518;86,2599;637860
VNM;20160519;86,2599;377230
VNM;20160520;86,8548;397920
VNM;20160523;86,8548;715290
VNM;20160524;86,2599;476530
VNM;20160525;85,665;450900
VNM;20160526;83,8803;963010
VNM;20160527;85,0701;332540
VNM;20160530;84,4752;282620
VNM;20160531;84,4752;202240
VNM;20160601;83,8803;622250
VNM;20160602;83,8803;365590
VNM;20160603;83,8817;508090
VNM;20160606;82,0713;661120
VNM;20160607;82,6747;439670
VNM;20160608;83,2782;292560
VNM;20160609;83,2782;199430
VNM;20160610;82,6747;333760
VNM;20160613;82,6747;280500
VNM;20160614;82,6747;175590
VNM;20160615;82,6747;267060
VNM;20160616;82,6747;198930
VNM;20160617;82,6747;208430
VNM;20160620;82,6747;276920
VNM;20160621;83,8817;609500
VNM;20160622;83,8817;276520
VNM;20160623;84,4851;1145260
VNM;20160624;82,6747;1764890
VNM;20160627;82,6747;681400
VNM;20160628;84,4851;2005670
VNM;20160629;83,8817;830840
VNM;20160630;85,0886;687180
VNM;20160701;86,2955;1171460
VNM;20160704;87,5024;878780
VNM;20160705;86,899;719200
VNM;20160706;86,2955;401510
VNM;20160707;88,7094;1355810
VNM;20160708;88,7094;654500
VNM;20160711;88,1059;554950
VNM;20160712;88,7094;644290
VNM;20160713;88,7094;444730
VNM;20160714;88,1059;1249220
VNM;20160715;88,7094;491430
VNM;20160718;90,5198;1083560
VNM;20160719;92,3302;1838230
VNM;20160720;95,3475;1548000
VNM;20160721;94,744;1758070
VNM;20160722;94,1406;2099510
VNM;20160725;92,9336;551630
VNM;20160726;94,744;1021030
VNM;20160727;95,3475;594750
VNM;20160728;96,5544;1316550
VNM;20160729;95,3475;1004950
VNM;20160801;93,5371;1706560
VNM;20160802;91,7267;1681750
VNM;20160803;92,9336;660790
VNM;20160804;94,1406;1142360
VNM;20160805;95,3475;839620
VNM;20160808;95,3475;657180
VNM;20160809;97,7614;1906470
VNM;20160810;98,9683;1339110
VNM;20160811;101,9856;1682430
VNM;20160812;101,3821;3172710
VNM;20160815;101,9856;1144990
VNM;20160816;101,9856;1086530
VNM;20160817;103,1925;1335230
VNM;20160818;105,0029;2115570
VNM;20160819;105,9881;3527830
VNM;20160822;103,7646;1276220
VNM;20160823;105,9881;1074520
VNM;20160824;107,4705;1173980
VNM;20160825;107,4705;609070
VNM;20160826;108,2116;961360
VNM;20160829;111,9175;3289040
VNM;20160830;112,6587;1752690
VNM;20160831;115,6234;2108900
VNM;20160901;114,141;2630100
VNM;20160905;114,141;2682460
VNM;20160906;111,1763;1732660
VNM;20160907;108,2116;4166500
VNM;20160908;108,9528;2287900
VNM;20160909;105,9881;1741810
VNM;20160912;104,654;2182400
VNM;20160913;107,3963;2425810
VNM;20160914;106,7293;875800
VNM;20160915;105,9881;1445440
VNM;20160916;102,2822;6624630
VNM;20160919;100,7999;3028480
VNM;20160920;100,7999;2676170
VNM;20160921;102,134;1460260
VNM;20160922;101,6893;952970
VNM;20160923;103,7646;1718800
VNM;20160926;104,5058;1518050
VNM;20160927;103,7646;1074130
VNM;20160928;103,7646;1476100
VNM;20160929;103,7646;2074740
VNM;20160930;103,7646;989150
VNM;20161003;104,1352;1069050
VNM;20161004;104,1352;1378590
VNM;20161005;104,0611;821370
VNM;20161006;105,2469;1526360
VNM;20161007;104,9505;1175020
VNM;20161010;103,8387;742680
VNM;20161011;104,1352;2006450
VNM;20161012;104,8763;1243190
VNM;20161013;105,2469;771080
VNM;20161014;106,7293;2094790
VNM;20161017;105,3952;711870
VNM;20161018;106,7293;877320
VNM;20161019;108,2116;1959520
VNM;20161020;107,3963;855020
VNM;20161021;106,8775;585660
VNM;20161024;104,5058;1645610
VNM;20161025;104,5058;1247450
VNM;20161026;104,5799;405530
VNM;20161027;105,6175;378630
VNM;20161028;106,2105;833450
VNM;20161031;105,2469;354450
VNM;20161101;105,1728;560760
VNM;20161102;104,5799;803900
VNM;20161103;104,8022;1438620
VNM;20161104;104,4316;1048780
VNM;20161107;103,9128;1259230
VNM;20161108;104,0611;487900
VNM;20161109;103,7646;2730910
VNM;20161110;104,5058;970990
VNM;20161111;104,1352;789590
VNM;20161114;102,4305;1635670
VNM;20161115;101,7634;1937180
VNM;20161116;103,0234;1694320
VNM;20161117;103,0234;876780
VNM;20161118;101,6893;1269760
VNM;20161121;102,6528;972500
VNM;20161122;104,2834;1242000
VNM;20161123;103,0234;903770
VNM;20161124;101,3187;2085820
VNM;20161125;99,6881;2750970
VNM;20161128;95,7599;3125070
VNM;20161129;99,5399;2857650
VNM;20161130;102,2822;5410310
VNM;20161201;100,2069;1458640
VNM;20161202;100,0587;1698140
VNM;20161205;100,0587;1059840
VNM;20161206;99,3175;921260
VNM;20161207;98,2058;2071090
VNM;20161208;100,2069;2784980
VNM;20161209;100,6516;1512330
VNM;20161212;99,0952;1685520
VNM;20161213;97,094;1451120
VNM;20161214;96,9458;1192770
VNM;20161215;94,574;2740830
VNM;20161216;96,2787;1677380
VNM;20161219;95,4634;618600
VNM;20161220;92,3505;3022290
VNM;20161221;93,4622;2363690
VNM;20161222;91,2387;1433510
VNM;20161223;91,9058;1446200
VNM;20161226;90,794;625660
VNM;20161227;92,6469;1728320
VNM;20161228;93,3881;1060440
VNM;20161229;95,3152;1999150
VNM;20161230;93,0917;1065850
VNM;20170103;93,9069;652370
VNM;20170104;94,0552;659370
VNM;20170105;93,9069;822360
VNM;20170106;93,3881;1371760
VNM;20170109;93,3881;911300
VNM;20170110;93,4622;915320
VNM;20170111;94,1293;838220
VNM;20170112;94,1293;474780
VNM;20170113;94,0552;612600
VNM;20170116;93,7587;602630
VNM;20170117;93,4622;582380
VNM;20170118;93,3881;852000
VNM;20170119;93,3881;862790
VNM;20170120;94,1293;1594930
VNM;20170123;94,8705;1825560
VNM;20170124;94,8705;932170
VNM;20170125;95,6117;1485910
VNM;20170202;98,5764;1700550
VNM;20170203;99,2434;1608110
VNM;20170206;98,7246;1331990
VNM;20170207;99,1693;738710
VNM;20170208;99,2434;448850
VNM;20170209;99,3916;814060
VNM;20170210;99,1693;2093370
VNM;20170213;99,1693;694280
VNM;20170214;98,5022;673070
VNM;20170215;98,5764;862020
VNM;20170216;97,8352;666900
VNM;20170217;96,3528;953520
VNM;20170220;96,3528;484790
VNM;20170221;96,5752;817670
VNM;20170222;96,6493;590120
VNM;20170223;96,5752;613250
VNM;20170224;97,7611;1319730
VNM;20170227;97,6869;759760
VNM;20170228;97,3905;769690
VNM;20170301;96,9458;587180
VNM;20170302;96,1305;482040
VNM;20170303;96,2787;508470
VNM;20170306;97,0199;736590
VNM;20170307;96,3528;444700
VNM;20170308;96,7975;639360
VNM;20170309;96,7234;409260
VNM;20170310;96,2787;427360
VNM;20170313;96,1305;342480
VNM;20170314;96,8716;489770
VNM;20170315;98,5764;1182810
VNM;20170316;99,3175;905990
VNM;20170317;99,3175;1035520
VNM;20170320;99,2434;730260
VNM;20170321;100,5034;819240
VNM;20170322;101,2446;1472340
VNM;20170323;103,9128;2051790
VNM;20170324;105,0246;1083750
VNM;20170327;105,2469;1066240
VNM;20170328;104,3575;1026200
VNM;20170329;105,0987;773630
VNM;20170330;106,7293;1175100
VNM;20170331;106,2105;1382240
VNM;20170403;106,9516;802030
VNM;20170404;106,7293;1063990
VNM;20170405;106,2846;788830
VNM;20170407;105,6916;905370
VNM;20170410;105,6916;604270
VNM;20170411;106,3587;465400
VNM;20170412;106,7293;758300
VNM;20170413;106,0622;322970
VNM;20170414;105,0246;622350
VNM;20170417;105,2469;884170
VNM;20170418;107,0258;1900380
VNM;20170419;107,7669;968630
VNM;20170420;107,3963;427660
VNM;20170421;107,2481;445370
VNM;20170424;106,7293;562400
VNM;20170425;106,2846;472730
VNM;20170426;106,6552;272660
VNM;20170427;108,5822;1185660
VNM;20170428;109,694;1414090
VNM;20170503;109,9163;879460
VNM;20170504;111,5708;999850
VNM;20170505;110,1433;524400
VNM;20170508;109,6174;813270
VNM;20170509;108,1898;937160
VNM;20170510;108,4904;643400
VNM;20170511;108,5655;465950
VNM;20170512;108,7909;594730
VNM;20170515;108,1147;820620
VNM;20170516;107,8142;531270
VNM;20170517;110,4438;1231010
VNM;20170518;109,6925;580440
VNM;20170519;111,12;816280
VNM;20170522;112,9232;1210850
VNM;20170523;113,8247;730180
VNM;20170524;113,8247;702140
VNM;20170525;112,6978;619520
VNM;20170526;114,2004;427910
VNM;20170529;113,975;356250
VNM;20170530;112,4724;460930
VNM;20170531;112,4724;1328060
VNM;20170601;114,1253;597180
VNM;20170602;113,3739;496020
VNM;20170605;115,4776;749080
VNM;20170606;115,8533;239400
VNM;20170607;115,703;740420
VNM;20170608;115,4025;207740
VNM;20170609;115,4776;329670
VNM;20170612;114,7263;505720
VNM;20170613;114,4258;636190
VNM;20170614;115,3274;536000
VNM;20170615;115,5528;414540
VNM;20170616;114,9517;1161370
VNM;20170619;116,0036;740530
VNM;20170620;114,9517;894760
VNM;20170621;115,5528;912700
VNM;20170622;114,8766;244120
VNM;20170623;114,9517;344920
VNM;20170626;115,2522;267450
VNM;20170627;115,3274;542230
VNM;20170628;116,7549;918320
VNM;20170629;116,3041;312720
VNM;20170630;118,4078;1344660
VNM;20170703;117,957;562340
VNM;20170704;117,5813;324350
VNM;20170705;117,6565;438550
VNM;20170706;118,3326;549800
VNM;20170707;115,8533;976360
VNM;20170710;113,975;992910
VNM;20170711;114,9517;518150
VNM;20170712;116,7549;541660
VNM;20170713;117,4311;500840
VNM;20170714;116,5295;690430
VNM;20170717;114,1253;553330
VNM;20170718;114,2004;637870
VNM;20170719;114,9517;375820
VNM;20170720;114,2004;727990
VNM;20170721;113,8247;464940
VNM;20170724;114,0501;704570
VNM;20170725;114,0501;175170
VNM;20170726;114,9517;338260
VNM;20170727;114,8766;214220
VNM;20170728;114,9517;342150
VNM;20170731;114,6512;682960
VNM;20170801;113,5242;811580
VNM;20170802;114,5009;1066000
VNM;20170803;115,703;702810
VNM;20170804;115,703;290860
VNM;20170807;115,4776;384100
VNM;20170808;114,2004;1197600
VNM;20170809;112,6978;1116820
VNM;20170810;113,8247;392360
VNM;20170811;113,8247;691600
VNM;20170814;113,9769;927460
VNM;20170815;113,0632;537150
VNM;20170816;112,3018;427170
VNM;20170817;113,2916;842250
VNM;20170818;113,5962;355880
VNM;20170821;113,3678;247430
VNM;20170822;113,0632;418410
VNM;20170823;113,0632;403240
VNM;20170824;112,9109;244450
VNM;20170825;113,0632;274610
VNM;20170828;112,9109;323280
VNM;20170829;112,3018;670760
VNM;20170830;112,6825;515460
VNM;20170831;112,9871;591080
VNM;20170901;115,3473;549830
VNM;20170905;116,1848;860140
VNM;20170906;114,9666;325420
VNM;20170907;113,8246;433550
VNM;20170908;113,52;303590
VNM;20170911;112,9871;664250
VNM;20170912;112,7587;676440
VNM;20170913;112,8348;991330
VNM;20170914;112,9109;805690
VNM;20170915;112,6825;1520080
VNM;20170918;113,4439;555240
VNM;20170919;112,9871;343070
VNM;20170920;113,3678;367110
VNM;20170921;112,6825;741410
VNM;20170922;112,4541;353760
VNM;20170925;112,6825;254360
VNM;20170926;112,7587;338160
VNM;20170927;112,6825;310820
VNM;20170928;113,4439;440360
VNM;20170929;113,5962;996610
VNM;20171002;113,0632;297110
VNM;20171003;112,6064;634960
VNM;20171004;113,0632;305930
VNM;20171005;113,4439;465810
VNM;20171006;113,4439;910760
VNM;20171009;113,3678;146010
VNM;20171010;113,0632;396010
VNM;20171011;113,0632;626740
VNM;20171012;112,6825;397590
VNM;20171013;113,7484;500040
VNM;20171016;113,1394;681780
VNM;20171017;113,52;398020
VNM;20171018;113,4439;385670
VNM;20171019;113,2916;387120
VNM;20171020;113,0632;260000
VNM;20171023;112,6825;589480
VNM;20171024;113,4439;676220
VNM;20171025;114,586;904450
VNM;20171026;115,5757;974570
VNM;20171027;116,0326;768310
VNM;20171030;115,6519;557510
VNM;20171031;114,9666;962120
VNM;20171101;118,0121;1499790
VNM;20171102;118,6973;1117310
VNM;20171103;118,1644;469800
VNM;20171106;120,2962;1120090
VNM;20171107;120,1439;561000
VNM;20171108;121,9712;2431670
VNM;20171109;123,7224;2051860
VNM;20171110;132,3258;9270450
VNM;20171113;140,4725;4495140
VNM;20171114;137,0463;1489540
VNM;20171115;138,4168;1215870
VNM;20171116;139,4827;637980
VNM;20171117;139,4827;645550
VNM;20171120;142,3759;964830
VNM;20171121;143,8986;1128220
VNM;20171122;140,777;1829730
VNM;20171123;140,777;664960
VNM;20171124;140,8532;678800
VNM;20171127;140,8532;693370
VNM;20171128;140,8532;380450
VNM;20171129;140,8532;464670
VNM;20171130;142,1475;1076240
VNM;20171201;149,2282;1252580
VNM;20171204;154,5578;1419300
VNM;20171205;151,5123;710070
VNM;20171206;148,4668;949920
VNM;20171207;141,6145;1188910
VNM;20171208;143,2134;839440
VNM;20171211;145,4214;843650
VNM;20171212;148,0862;757020
VNM;20171213;148,3146;652890
VNM;20171214;153,0351;837490
VNM;20171215;149,9896;1865860
VNM;20171218;156,0805;1218260
VNM;20171219;154,5578;1086070
VNM;20171220;153,7964;554110
VNM;20171221;155,243;467120
VNM;20171222;154,4817;442910
VNM;20171225;152,2737;377420
VNM;20171226;154,4817;415160
VNM;20171227;156,0805;754980
VNM;20171228;157,3817;652970
VNM;20171229;159,9894;893540
VNM;20180102;162,2136;372760
VNM;20180103;164,0543;557370
VNM;20180104;164,7446;704350
VNM;20180105;163,7475;518860
VNM;20180108;161,0631;674800
VNM;20180109;158,7622;810590
VNM;20180110;161,8301;902750
VNM;20180111;161,0631;794780
VNM;20180112;160,9864;585640
VNM;20180115;159,9127;405160
VNM;20180116;159,7593;701460
VNM;20180117;154,2371;891480
VNM;20180118;157,6885;921800
VNM;20180119;157,6885;1094050
VNM;20180122;162,2903;1031780
VNM;20180125;158,7622;1059420
VNM;20180126;162,4437;672410
VNM;20180129;158,3788;573230
VNM;20180130;156,8448;843170
VNM;20180131;156,0778;1120270
VNM;20180201;155,6944;451270
VNM;20180202;158,7622;677340
VNM;20180205;155,7711;504920
VNM;20180206;151,7828;1484810
VNM;20180207;153,6236;507670
VNM;20180208;151,1693;234230
VNM;20180209;146,4908;856530
VNM;20180212;147,2577;970250
VNM;20180213;148,4082;541650
VNM;20180221;155,8478;649890
VNM;20180222;154,1604;449840
VNM;20180223;154,9274;481780
VNM;20180226;153,3935;889620
VNM;20180227;153,3935;457260
VNM;20180228;150,3256;886780
VNM;20180301;150,3256;732890
VNM;20180302;152,8566;412780
VNM;20180305;155,2342;712070
VNM;20180306;154,9274;786240
VNM;20180307;158,072;1981110
VNM;20180308;160,2962;592410
VNM;20180309;159,5292;1021150
VNM;20180312;157,9953;828230
VNM;20180313;161,0631;1265790
VNM;20180314;163,364;1133180
VNM;20180315;161,2165;623080
VNM;20180316;164,131;1730500
VNM;20180319;162,5971;801280
VNM;20180320;160,2962;684730
VNM;20180321;160,2962;907550
VNM;20180322;160,2962;478650
VNM;20180323;158,7622;685220
VNM;20180326;159,9127;643500
VNM;20180327;163,364;1660410
VNM;20180328;161,8301;585030
VNM;20180329;158,7622;758530
VNM;20180330;155,6944;1529690
VNM;20180402;153,1634;1768080
VNM;20180403;148,5616;2017950
VNM;20180404;153,3935;991130
VNM;20180405;151,3227;452710
VNM;20180406;152,0129;621180
VNM;20180409;151,7061;699250
VNM;20180410;151,0926;1093850
VNM;20180411;150,3256;846970
VNM;20180412;150,5557;751180
VNM;20180413;150,0955;727110
VNM;20180416;145,7238;653380
VNM;20180417;141,5055;1217530
VNM;20180418;143,8064;756500
VNM;20180419;143,8064;845170
VNM;20180420;142,6559;739700
VNM;20180423;139,8948;636940
VNM;20180424;138,0541;1469750
VNM;20180426;138,8211;959520
VNM;20180427;141,889;997890
VNM;20180502;141,5055;619230
VNM;20180503;141,889;878320
VNM;20180504;141,122;735730
VNM;20180507;145,7238;771810
VNM;20180508;141,9656;514230
VNM;20180509;141,889;555260
VNM;20180510;138,0541;451010
VNM;20180511;136,5202;1006620
VNM;20180514;136,5202;575000
VNM;20180515;134,9862;1240740
VNM;20180516;129,6942;1644010
VNM;20180517;126,5496;1028400
VNM;20180518;131,2281;1153810
VNM;20180521;127,3166;1042490
VNM;20180522;124,2487;1185350
VNM;20180523;128,3136;971280
VNM;20180524;128,8505;807290
VNM;20180525;127,3166;512860
VNM;20180528;126,5496;464830
VNM;20180529;129,3107;703120
VNM;20180530;126,9331;491920
VNM;20180531;125,936;2231710
VNM;20180601;129,0039;1051610
VNM;20180604;134,2193;965230
VNM;20180605;136,9308;879160
VNM;20180606;135,3836;463720
VNM;20180607;137,1629;401900
VNM;20180608;136,9308;505520
VNM;20180611;139,329;721050
VNM;20180612;140,0253;873690
VNM;20180613;140,0253;472470
VNM;20180614;139,2517;767750
VNM;20180615;139,2517;1114730
VNM;20180618;133,6043;356320
VNM;20180619;128,6531;1076550
VNM;20180620;130,5871;569890
VNM;20180621;131,5155;381390
VNM;20180622;137,7044;1123650
VNM;20180625;138,6328;637320
VNM;20180626;136,0798;250240
VNM;20180627;135,3836;320100
VNM;20180628;131,5155;748160
VNM;20180629;131,5155;1164710
VNM;20180702;132,2891;974640
VNM;20180703;131,5155;1055480
VNM;20180704;129,1946;856350
VNM;20180705;127,6474;880690
VNM;20180706;128,421;449020
VNM;20180709;129,1946;320530
VNM;20180710;129,1946;701800
VNM;20180711;129,1946;729620
VNM;20180712;130,2003;158530
VNM;20180713;128,6531;384360
VNM;20180716;129,9682;557460
VNM;20180717;129,8909;588420
VNM;20180718;130,7419;503880
VNM;20180719;131,9023;970590
VNM;20180720;131,1287;620700
VNM;20180723;131,5155;685300
VNM;20180724;131,4381;566120
VNM;20180725;131,4381;427050
VNM;20180726;132,6759;519640
VNM;20180727;130,5871;290680
VNM;20180730;130,355;453180
VNM;20180731;130,123;634220
VNM;20180801;129,1173;684770
VNM;20180802;127,6474;1590510
VNM;20180803;125,0171;1232510
VNM;20180806;123,7019;1238870
VNM;20180807;118,3639;2337260
VNM;20180808;120,298;1267410
VNM;20180809;121,4584;770210
VNM;20180810;121,6131;908450
VNM;20180813;120,7622;1245500
VNM;20180814;122,3094;995480
VNM;20180815;122,6188;1081050
VNM;20180816;122,6962;1038700
VNM;20180817;122,6188;408930
VNM;20180820;123,8566;1290170
VNM;20180821;126,1001;664240
VNM;20180822;126,1001;640010
VNM;20180823;126,3322;410280
VNM;20180824;125,4812;453010
VNM;20180827;124,0114;1141160
VNM;20180828;123,2377;1057220
VNM;20180829;121,9226;1124120
VNM;20180830;121,0716;899040
VNM;20180831;121,2263;726110
VNM;20180904;121,2263;690780
VNM;20180905;118,0131;1250390
VNM;20180906;114,8159;1234110
VNM;20180907;119,5176;882130
VNM;20180910;119,9878;603870
VNM;20180911;124,1253;1533670
VNM;20180912;124,5015;1342390
VNM;20180913;124,2194;655170
VNM;20180914;125,0657;969270
VNM;20180917;127,8867;1148720
VNM;20180918;129,7674;1310670
VNM;20180919;129,5793;929630
VNM;20180920;127,8867;771520
VNM;20180921;129,5793;1840850
VNM;20180924;128,827;639720
VNM;20180925;128,733;480150
VNM;20180926;128,3569;418120
VNM;20180927;130,2375;980840
VNM;20180928;129,1091;520020
VNM;20181001;128,1688;514820
VNM;20181002;128,827;581340
VNM;20181003;128,733;701280
VNM;20181004;128,733;304620
VNM;20181005;127,1344;519180
VNM;20181008;125,0657;566750
VNM;20181009;123,0909;660630
VNM;20181010;122,2446;636650
VNM;20181011;119,4236;1182360
VNM;20181012;120,8341;957810
VNM;20181015;118,2012;692180
VNM;20181016;118,4833;988520
VNM;20181017;119,3296;444290
VNM;20181018;118,4833;349110
VNM;20181019;119,2355;1087950
VNM;20181022;118,2952;316450
VNM;20181023;116,1324;1197220
VNM;20181024;115,2861;742160
VNM;20181025;112,8412;1154690
VNM;20181026;114,2517;643020
VNM;20181029;112,8412;488810
VNM;20181030;110,3023;535070
VNM;20181031;109,1739;1075800
VNM;20181101;107,4812;1724930
VNM;20181102;111,4307;1601100
VNM;20181105;109,55;841100
VNM;20181106;110,6784;1599760
VNM;20181107;112,371;1339350
VNM;20181108;112,8412;815890
VNM;20181109;110,0202;728150
VNM;20181112;110,0202;596940
VNM;20181113;109,0798;483810
VNM;20181114;110,4903;674260
VNM;20181115;110,0202;556360
VNM;20181116;108,1395;566540
VNM;20181119;108,5156;739450
VNM;20181120;109,55;715090
VNM;20181121;112,0889;1113540
VNM;20181122;112,9352;933880
VNM;20181123;110,9605;416930
VNM;20181126;115,7563;1817580
VNM;20181127;118,9534;1882720
VNM;20181128;120,3639;1330740
VNM;20181129;118,7654;970820
VNM;20181130;120,3639;1417590
VNM;20181203;125,6299;1282310
VNM;20181204;128,3569;1001800
VNM;20181205;125,0657;1107160
VNM;20181206;123,8432;1089360
VNM;20181207;125,912;509830
VNM;20181210;126,9463;1003810
VNM;20181211;126,7583;443060
VNM;20181212;126,006;782440
VNM;20181213;126,9463;643110
VNM;20181214;126,9463;260170
VNM;20181217;125,912;1043020
VNM;20181218;123,8432;811850
VNM;20181219;121,3983;484090
VNM;20181220;118,6713;539710
VNM;20181221;115,1921;1901570
VNM;20181224;118,1071;459230
VNM;20181225;117,1668;349610
VNM;20181226;116,6026;670520
VNM;20181227;116,7963;772610
VNM;20181228;113,7627;1013580
VNM;20190102;117,5548;403570
VNM;20190103;116,5119;449730
VNM;20190104;118,5028;498470
VNM;20190107;124,1909;897430
VNM;20190108;123,2429;448350
VNM;20190109;125,0441;636050
VNM;20190110;124,8545;301700
VNM;20190111;127,035;954110
VNM;20190114;127,983;611420
VNM;20190115;127,8882;598510
VNM;20190116;126,087;562220
VNM;20190117;125,3285;514870
VNM;20190118;127,035;545600
VNM;20190121;126,8454;279380
VNM;20190122;127,035;399040
VNM;20190123;127,509;1028650
VNM;20190124;128,457;1077600
VNM;20190125;128,8362;813810
VNM;20190128;129,405;487650
VNM;20190129;129,405;371010
VNM;20190130;128,457;279280
VNM;20190131;127,983;812290
VNM;20190201;127,983;731430
VNM;20190211;129,8791;1357210
VNM;20190212;130,8271;957440
VNM;20190213;131,1115;764480
VNM;20190214;132,1543;1341090
VNM;20190215;132,9127;910160
VNM;20190218;134,6192;1082650
VNM;20190219;135,188;1974200
VNM;20190220;135,5672;983460
VNM;20190221;140,7813;1859260
VNM;20190222;141,1605;814320
VNM;20190225;143,7202;1211040
VNM;20190226;138,5061;806810
VNM;20190227;140,0229;484610
VNM;20190228;133,7659;976450
VNM;20190301;134,0504;868720
VNM;20190304;135,4724;876760
VNM;20190305;134,6192;532510
VNM;20190306;133,6711;711250
VNM;20190307;132,4387;708000
VNM;20190308;129,8791;980860
VNM;20190311;130,4479;423100
VNM;20190312;131,7751;560360
VNM;20190313;131,1115;616010
VNM;20190314;130,0687;920860
VNM;20190315;129,8791;1254050
VNM;20190318;130,8271;910690
VNM;20190319;129,7843;936230
VNM;20190320;131,3011;1269860
VNM;20190321;128,931;885480
VNM;20190322;129,405;526570
VNM;20190325;129,405;582580
VNM;20190326;129,405;684470
VNM;20190327;129,405;682000
VNM;20190328;128,1726;816770
VNM;20190329;127,7934;1357400
VNM;20190401;131,3959;796720
VNM;20190402;131,7751;1233340
VNM;20190403;131,3011;683970
VNM;20190404;130,8271;469730
VNM;20190405;129,2154;1017700
VNM;20190408;130,0687;546190
VNM;20190409;128,3622;1148040
VNM;20190410;128,2674;873110
VNM;20190411;128,5518;383850
VNM;20190412;128,6466;684520
VNM;20190416;128,931;514140
VNM;20190417;127,983;864260
VNM;20190418;128,1726;601240
VNM;20190419;126,087;599290
VNM;20190422;122,8637;1417290
VNM;20190423;120,3988;974950
VNM;20190424;122,7689;482490
VNM;20190425;122,7689;414330
VNM;20190426;123,0533;565240
VNM;20190502;123,2429;736990
VNM;20190503;124,1909;486390
VNM;20190506;122,3897;368910
VNM;20190507;122,7689;723470
VNM;20190508;121,3469;628830
VNM;20190509;121,5365;287680
VNM;20190510;123,3377;366690
VNM;20190513;126,9402;974030
VNM;20190514;128,457;1097910
VNM;20190515;128,5518;355850
VNM;20190516;129,3102;702130
VNM;20190517;128,5518;435380
VNM;20190520;130,3531;450900
VNM;20190521;126,561;762310
VNM;20190522;125,2337;619370
VNM;20190523;125,2337;429290
VNM;20190524;123,7169;765150
VNM;20190527;127,035;320060
VNM;20190528;125,1389;608790
VNM;20190529;125,9922;271730
VNM;20190530;124,6649;542710
VNM;20190531;122,7689;711390
VNM;20190603;121,3469;717990
VNM;20190604;121,9157;472650
VNM;20190605;122,3038;358780
VNM;20190606;121,3446;548650
VNM;20190607;121,4405;362030
VNM;20190610;121,7283;561260
VNM;20190611;120,3853;565400
VNM;20190612;120,0975;699880
VNM;20190613;118,179;1125310
VNM;20190614;118,6587;665880
VNM;20190617;118,6587;632730
VNM;20190618;117,9872;1039070
VNM;20190619;118,3709;929690
VNM;20190620;118,275;1010200
VNM;20190621;120,3853;2613920
VNM;20190624;118,0831;615090
VNM;20190625;118,3709;704890
VNM;20190626;118,4668;497730
VNM;20190627;118,0831;802160
VNM;20190628;117,9872;919970
VNM;20190701;119,9057;991440
VNM;20190702;120,0016;716810
VNM;20190703;120,8649;657870
VNM;20190704;121,0568;613870
VNM;20190705;121,0568;520290
VNM;20190708;119,1383;969080
VNM;20190709;119,9057;951440
VNM;20190710;119,9057;420940
VNM;20190711;120,0975;277200
VNM;20190712;118,9464;370730
VNM;20190715;118,179;703320
VNM;20190716;118,9464;512540
VNM;20190717;120,2894;965170
VNM;20190718;119,522;707720
VNM;20190719;121,7283;1381230
VNM;20190722;120,3853;721980
VNM;20190723;120,2894;764550
VNM;20190724;120,4812;593800
VNM;20190725;120,0016;686030
VNM;20190726;119,4261;526110
VNM;20190729;118,4668;1095840
VNM;20190730;118,4668;921500
VNM;20190731;118,179;816150
VNM;20190801;119,1383;502790
VNM;20190802;118,9464;471510
VNM;20190805;117,0279;882750
VNM;20190806;115,3013;938500
VNM;20190807;116,0687;731780
VNM;20190808;115,9728;570640
VNM;20190809;116,0687;726150
VNM;20190812;115,685;442330
VNM;20190813;113,191;1178780
VNM;20190814;113,8624;677360
VNM;20190815;117,0279;673120
VNM;20190816;119,0424;1074270
VNM;20190819;119,8098;758210
VNM;20190820;119,3301;787020
VNM;20190821;118,8505;580860
VNM;20190822;118,9464;525610
VNM;20190823;117,9872;621830
VNM;20190826;115,5891;839870
VNM;20190827;114,1502;943130
VNM;20190828;114,5339;521700
VNM;20190829;117,9872;561530
VNM;20190830;117,9872;797090
VNM;20190903;118,9464;744840
VNM;20190904;118,7546;405800
VNM;20190905;117,0279;587180
VNM;20190906;117,7953;315980
VNM;20190909;119,4261;498850
VNM;20190910;118,6587;647890
VNM;20190911;117,1239;401410
VNM;20190912;117,0279;600870
VNM;20190913;117,1239;503530
VNM;20190916;120,4673;604710
VNM;20190917;121,4588;482570
VNM;20190918;122,6486;972940
VNM;20190919;122,5494;725700
VNM;20190920;121,0622;1623350
VNM;20190923;123,4418;1560140
VNM;20190924;125,8214;1340450
VNM;20190925;125,3256;617630
VNM;20190926;128,895;1613560
VNM;20190927;128,9942;1183530
VNM;20190930;128,5975;885490
VNM;20191001;126,912;1207380
VNM;20191002;125,9205;2070220
VNM;20191003;127,9035;825310
VNM;20191004;127,5069;641540
VNM;20191007;128,0027;833680
VNM;20191008;127,9035;537440
VNM;20191009;125,9205;663150
VNM;20191010;125,9205;442150
VNM;20191011;126,912;631310
VNM;20191014;127,5069;586040
VNM;20191015;127,2095;1165130
VNM;20191016;129,2916;1321580
VNM;20191017;129,8865;1409580
VNM;20191018;131,3738;1116920
VNM;20191021;132,4644;2006630
VNM;20191022;131,3738;1398920
VNM;20191023;131,1755;847820
VNM;20191024;131,4729;520890
VNM;20191025;133,3568;816560
VNM;20191028;132,6627;558360
VNM;20191029;132,9602;520280
VNM;20191030;130,878;1301690
VNM;20191031;128,895;2550480
VNM;20191101;131,2746;969370
VNM;20191104;130,184;1407970
VNM;20191105;128,1018;1876790
VNM;20191106;128,9942;1184100
VNM;20191107;128,0027;866170
VNM;20191108;128,1018;1193130
VNM;20191111;128,201;645500
VNM;20191112;126,4163;1934480
VNM;20191113;124,4333;1956940
VNM;20191114;124,8299;695470
VNM;20191115;121,9545;2384360
VNM;20191118;119,7732;1671470
VNM;20191119;123,3426;1078610
VNM;20191120;122,946;1150700
VNM;20191121;120,963;1395000
VNM;20191122;120,4673;719680
VNM;20191125;121,8554;680740
VNM;20191126;121,9545;971390
VNM;20191127;121,0622;366920
VNM;20191128;121,0622;1107720
VNM;20191129;120,4673;549840
VNM;20191202;117,2945;1489150
VNM;20191203;115,4106;1422610
VNM;20191204;117,7902;693700
VNM;20191205;116,7987;694150
VNM;20191206;115,3115;937120
VNM;20191209;117,0962;766050
VNM;20191210;117,1953;850090
VNM;20191211;117,5919;793940
VNM;20191212;118,1868;701380
VNM;20191213;116,997;564680
VNM;20191216;117,6911;751280
VNM;20191217;116,1047;829630
VNM;20191218;117,5919;1400340
VNM;20191219;118,6826;1582510
VNM;20191220;118,98;1822570
VNM;20191223;116,997;786100
VNM;20191224;117,5919;577000
VNM;20191225;116,997;541190
VNM;20191226;117;345150
VNM;20191227;118,2;383460
VNM;20191230;116,5;672140
VNM;20191231;116,5;387640
VNM;20200102;117,9;352700
VNM;20200103;118,3;625390
VNM;20200106;117,4;495910
VNM;20200107;118,5;459520
VNM;20200108;118,8;837710
VNM;20200109;118,6;624130
VNM;20200110;118,9;596280
VNM;20200113;117,4;412880
VNM;20200114;117,8;335180
VNM;20200115;117,8;681740
VNM;20200116;118,2;545090
VNM;20200117;118,6;375030
VNM;20200120;119;493600
VNM;20200121;121;853940
VNM;20200122;121,3;794440
VNM;20200130;116,6;1533720
VNM;20200131;108,5;1915820
VNM;20200203;108,3;2289150
VNM;20200204;105;1869040
VNM;20200205;106,6;1545750
VNM;20200206;107,5;2137020
VNM;20200207;110,2;1523380
VNM;20200210;109;910510
VNM;20200211;107,2;885960
VNM;20200212;107,2;838170
VNM;20200213;106,9;713560
VNM;20200214;106,6;708080
VNM;20200217;107,5;623350
VNM;20200218;105,5;1078500
VNM;20200219;106,4;794470
VNM;20200220;106,4;624620
VNM;20200221;108,5;1484500
VNM;20200224;106,4;954600
VNM;20200225;108;1200220
VNM;20200226;105;1346630
VNM;20200227;107,4;863890
VNM;20200228;104,5;1437350
VNM;20200302;104,5;909240
VNM;20200303;105,3;741380
VNM;20200304;104,8;612800
VNM;20200305;104,5;438020
VNM;20200306;104,2;664920
VNM;20200309;97;2356790
VNM;20200310;101,7;1761300
VNM;20200311;101,6;2292410
VNM;20200312;100,9;2431600
VNM;20200313;99,1;2159130
VNM;20200316;97;1087080
VNM;20200317;96;1788240
VNM;20200318;95;1322150
VNM;20200319;89;2774560
VNM;20200320;90;2316660
VNM;20200323;83,7;2187710
VNM;20200324;86,1;1739530
VNM;20200325;92;2993020
VNM;20200326;94;2556450
VNM;20200327;94,1;2755950
VNM;20200330;91,2;1559900
VNM;20200331;91;1293290
VNM;20200401;94;1155730
VNM;20200403;95;1934430
VNM;20200406;96,2;1840550
VNM;20200407;98,5;2273090
VNM;20200408;99;904920
VNM;20200409;100,1;1220550
VNM;20200410;99,6;1111470
VNM;20200413;99,1;1127670
VNM;20200414;99;1059560
VNM;20200415;99,2;886130
VNM;20200416;99,3;1155660
VNM;20200417;99,3;1767310
VNM;20200420;100;1471680
VNM;20200421;96,8;2129360
